component_id,vehicle_id,failure_probability,decision,explanation
e8ce6ab0-f7b9-4b68-a928-d0a9d4158401,VH-3537,0.9915024159053207,FIX,Expected cost: 4957.51 > fix cost: 1000
d2b4a2d1-9d56-4563-a84b-c47d59c0871d,VH-8860,0.0108265676804981,WAIT,Below threshold
45a732d6-d929-4c32-b2ba-ae0b792af5b1,VH-1528,0.30716944409974983,FIX,Expected cost: 1535.85 > fix cost: 1000
edbb559b-286c-4048-a3fc-724b8d99d9c8,VH-5032,0.011720963837371343,WAIT,Below threshold
7d9754c9-2827-4a7f-a2c5-11c22f627484,VH-9068,0.9975297161502598,FIX,Expected cost: 4987.65 > fix cost: 1000
a63284dd-4866-4e9b-a5d8-9134a45c68f4,VH-8440,0.9866299078956274,FIX,Expected cost: 4933.15 > fix cost: 1000
45469eef-ee07-477b-a506-ea015b0a22b6,VH-7531,0.9938381423837154,FIX,Expected cost: 4969.19 > fix cost: 1000
402cbe39-65f9-46de-a45f-a736828577e4,VH-2613,0.003080498075823866,WAIT,Below threshold
ec209bed-a65a-4931-88be-a984b1d64cd3,VH-2534,0.0018186823099400635,WAIT,Below threshold
05d77827-dd03-4620-aa9e-03f07677a59e,VH-7222,0.9946941108644035,FIX,Expected cost: 4973.47 > fix cost: 1000
00010d58-59ab-4f34-ae42-bdb79816d351,VH-1853,0.9952728462712721,FIX,Expected cost: 4976.36 > fix cost: 1000
ec2d11ce-1889-4970-b43c-fdbb10e17573,VH-6169,0.00673037821844913,WAIT,Below threshold
c30a2de8-fadc-442f-871b-bfeb2a723dc0,VH-2691,0.9999935699659579,FIX,Expected cost: 4999.97 > fix cost: 1000
a52e5fdf-53e4-4805-b612-216e7b643115,VH-9128,0.021752332115684527,WAIT,Below threshold
7b4c35f0-b1a9-4211-9bd5-f54f5b2f3807,VH-6497,0.004347692226218739,WAIT,Below threshold
95282331-4671-4705-9ff3-52c1c0d9e7f9,VH-9610,0.9841596668875466,FIX,Expected cost: 4920.80 > fix cost: 1000
ea3602bd-e5f8-4cbe-9e53-9588516c15b3,VH-6721,0.009002654820425473,WAIT,Below threshold
8e8775d6-9767-4348-9f37-90d8af4bdde3,VH-1204,0.994918699954112,FIX,Expected cost: 4974.59 > fix cost: 1000
a8a33f5c-8ec7-4a18-ab5e-0a76a69f622f,VH-2737,0.0021368719149354137,WAIT,Below threshold
7ae1424a-364f-4ba9-8e65-646b86291ad2,VH-9179,0.012736238479384234,WAIT,Below threshold
4eccbd18-45aa-4449-a1f8-adcb12149f50,VH-3061,0.9976235833691341,FIX,Expected cost: 4988.12 > fix cost: 1000
1876925c-6dea-417d-92d2-d777aea8e5fb,VH-4742,0.004776964729401849,WAIT,Below threshold
8997c6e1-d727-4e56-bc25-111e3eb5c22b,VH-6785,0.9949734829961151,FIX,Expected cost: 4974.87 > fix cost: 1000
e0e7fd6d-9191-494d-9c30-8c1ac72cc391,VH-8535,0.006536538328691148,WAIT,Below threshold
55b8ae36-876f-427b-a0cb-2f6705c1b42f,VH-9675,0.995098513772814,FIX,Expected cost: 4975.49 > fix cost: 1000
634afa3d-b05a-46f9-8d52-9e5266a1f79f,VH-9029,0.997511693302885,FIX,Expected cost: 4987.56 > fix cost: 1000
159402bf-e6b4-4ccf-9af7-fb2dcc80056c,VH-1061,0.9801187165250898,FIX,Expected cost: 4900.59 > fix cost: 1000
11e3e649-cf5e-4865-8a19-2a46f6570d37,VH-7114,0.001326295659815363,WAIT,Below threshold
6a7df4d1-20c8-4870-8b58-d107326b4034,VH-1804,0.009996707063841755,WAIT,Below threshold
93a058fd-7fd8-4c3d-bbd4-2092a35b661e,VH-4633,0.0009580046559990625,WAIT,Below threshold
2858e73d-3b1b-43ad-abc4-cc377462722b,VH-4149,0.9935469508282969,FIX,Expected cost: 4967.73 > fix cost: 1000
851b6b86-acaa-4118-8a66-408169f4187e,VH-9940,0.9951443697022647,FIX,Expected cost: 4975.72 > fix cost: 1000
68ec2a63-1688-40e9-88a2-a8229d1b26e6,VH-3176,0.999965494370465,FIX,Expected cost: 4999.83 > fix cost: 1000
24afaff1-f259-438d-839e-725c2da0347e,VH-3053,0.9945615649452616,FIX,Expected cost: 4972.81 > fix cost: 1000
29fe586f-3f47-4e85-b07b-21242f89ba47,VH-7859,0.012698418241759778,WAIT,Below threshold
fb6ff429-12e0-4a91-8326-5be67c86072b,VH-5320,0.0017297220457047932,WAIT,Below threshold
4f00278e-55e0-4e2e-baa1-9a98bb30c8da,VH-5682,0.005345230007776966,WAIT,Below threshold
9c5c61fe-c479-4c59-a7b7-202be4bb1782,VH-5731,0.9987695355046768,FIX,Expected cost: 4993.85 > fix cost: 1000
6a9b6ca5-01af-413a-a26e-e4414381a4a6,VH-8003,0.006008909353199672,WAIT,Below threshold
efd3c6df-1625-4c4f-9469-909a25953b36,VH-1122,0.9938968167513023,FIX,Expected cost: 4969.48 > fix cost: 1000
fe4648d4-5b06-4da1-8f09-02821da40798,VH-6840,0.00457652346523032,WAIT,Below threshold
679c8a57-8ade-4ca4-a3cf-657c520190ae,VH-7858,0.9906409816294807,FIX,Expected cost: 4953.20 > fix cost: 1000
83369624-87ef-4e41-816c-370fddf3a0c4,VH-9695,0.9999594995244856,FIX,Expected cost: 4999.80 > fix cost: 1000
7b9f9fcb-1f90-4e4e-99db-d9d8a642094e,VH-9847,0.0038619180473265027,WAIT,Below threshold
31ddda02-c465-4215-aa4a-cd7e0ae7f703,VH-1431,0.002071924899257154,WAIT,Below threshold
a185c5f3-3b54-497d-b6b3-99a3aa52ba71,VH-5371,0.006567532063063007,WAIT,Below threshold
21705630-cc4a-4d03-8b4d-d934785c6ce7,VH-3140,0.9846928472842721,FIX,Expected cost: 4923.46 > fix cost: 1000
911f00f5-6407-4112-b175-345bdf51c339,VH-8587,0.9958837480586746,FIX,Expected cost: 4979.42 > fix cost: 1000
78fc24e8-c761-44ab-b083-cd00941b18fe,VH-5502,0.998158683860564,FIX,Expected cost: 4990.79 > fix cost: 1000
1b31c807-840c-4657-86de-1a85569b80f8,VH-9883,0.9980849429963986,FIX,Expected cost: 4990.42 > fix cost: 1000
2d24b9f4-d2cf-41e3-895e-5dd7cddfa364,VH-8612,0.0032912375012385192,WAIT,Below threshold
7d520f0b-e7d6-4897-8b0e-a4b2ad016ff8,VH-8516,0.9840585737302764,FIX,Expected cost: 4920.29 > fix cost: 1000
fa8abe1e-ff0f-48b3-abb3-9baa507ad869,VH-8709,0.005725196580733246,WAIT,Below threshold
b8bf85da-1dbb-4525-9f63-1160561cd428,VH-6900,0.9925077346378008,FIX,Expected cost: 4962.54 > fix cost: 1000
09bd8941-c9ec-4d2e-bba2-bdab89de8852,VH-9823,0.989646352857254,FIX,Expected cost: 4948.23 > fix cost: 1000
9a4d2076-c050-4021-bcf4-78f1cf6b27b0,VH-4425,0.9929013682224901,FIX,Expected cost: 4964.51 > fix cost: 1000
6ef2f691-c470-4c9e-b8a6-064441cc01df,VH-8538,0.002324124997668375,WAIT,Below threshold
dae06de9-891c-41cf-a193-580f654219a2,VH-8888,0.001169196320016077,WAIT,Below threshold
a3c08e43-90c1-4372-8b40-075cb31d9340,VH-1872,0.0020678517036111037,WAIT,Below threshold
dd068c8b-a7fb-40d1-8567-66efaccbcd84,VH-1546,0.9973779802252609,FIX,Expected cost: 4986.89 > fix cost: 1000
e37ec7b4-07d3-4890-a261-d99aaad45e73,VH-4730,0.008097696465248945,WAIT,Below threshold
5839034f-a872-4035-9670-6a294e533a44,VH-7264,0.9864577268869642,FIX,Expected cost: 4932.29 > fix cost: 1000
40347ef9-fa6e-4203-adeb-401ac5be6135,VH-9594,0.003929662976242397,WAIT,Below threshold
0fd074b3-4764-463d-a65a-ea70a46f601a,VH-2580,0.0018146654220637176,WAIT,Below threshold
8f8693f2-4e56-459a-8082-902f2a438f73,VH-7265,0.9933102899767137,FIX,Expected cost: 4966.55 > fix cost: 1000
80c40663-1472-462a-8d7e-66cbed991a96,VH-2795,0.002627763944628795,WAIT,Below threshold
b619b1a7-bc3f-4eb1-b6b0-a8763e2e65eb,VH-4854,0.9912816718880467,FIX,Expected cost: 4956.41 > fix cost: 1000
54d1a95c-fc07-4b68-ba2b-6fc6b7529940,VH-5368,0.0020040868575684698,WAIT,Below threshold
0b79bfac-c9a8-455d-adb6-4c1ac9c8af52,VH-5949,0.0023103525487495873,WAIT,Below threshold
d78cde9f-3941-4825-af2b-97737bf01a5d,VH-1724,0.021757067961890107,WAIT,Below threshold
4985970a-300d-4092-ada1-948f21931288,VH-8381,0.9981463333474553,FIX,Expected cost: 4990.73 > fix cost: 1000
e3bb9269-dfdf-493e-b655-f3c1ff153af0,VH-1621,0.0032235517036801977,WAIT,Below threshold
29dc9261-dfba-4578-87b2-246816dcd96d,VH-9085,0.008002391409001256,WAIT,Below threshold
48724000-76c4-485b-971c-23e59dfea1b6,VH-7070,0.006642549143178275,WAIT,Below threshold
8b567146-2cf2-4624-a7f5-37fe8f9e9bf9,VH-9067,0.004693448611261369,WAIT,Below threshold
a429c4ff-c8b4-43c4-8714-4f21aed9f630,VH-7750,0.9922374063622433,FIX,Expected cost: 4961.19 > fix cost: 1000
73c202ea-0511-4b16-b454-78c01bb02c11,VH-5552,0.006344752824446235,WAIT,Below threshold
414d16bc-c867-4674-bfe2-648557cb1e71,VH-4142,0.9923574274454474,FIX,Expected cost: 4961.79 > fix cost: 1000
1c3d42ef-28cf-4bf7-8177-5fa88eb881d2,VH-8625,0.004556924431775529,WAIT,Below threshold
a9095214-fb51-4015-816c-235cd62cf9d6,VH-7713,0.002256445497729731,WAIT,Below threshold
d1035578-1b80-4b7e-8b82-bb0ef408fcde,VH-1629,0.0049885812057466426,WAIT,Below threshold
95f6f403-74a9-44a9-bf7e-866b0bd7978c,VH-4916,0.0027885701354991273,WAIT,Below threshold
58d9c00b-058a-41de-8706-31456e34b16b,VH-5456,0.013405704353164008,WAIT,Below threshold
51d271d7-71a2-4da9-b58c-2e045314156a,VH-1044,0.9999772412979409,FIX,Expected cost: 4999.89 > fix cost: 1000
4c48acc5-78d7-4450-a139-2dce58fdcd2d,VH-5527,0.9999199577254395,FIX,Expected cost: 4999.60 > fix cost: 1000
f806bdf9-fb82-40c7-b426-d7bd0496063a,VH-6527,0.0023669372401051506,WAIT,Below threshold
c6969a66-ef52-4fb6-986e-37f7a06c4d4a,VH-4481,0.992993572730244,FIX,Expected cost: 4964.97 > fix cost: 1000
b8e1f71b-54c2-4315-8df7-a8be882caec4,VH-8648,0.005335195136812274,WAIT,Below threshold
08ad0368-110b-4a83-8e03-0862eb874999,VH-7956,0.003449999650366872,WAIT,Below threshold
594d49ff-84ff-4ac9-87cb-f24296616c30,VH-1993,0.9794696453632324,FIX,Expected cost: 4897.35 > fix cost: 1000
e67fba9f-8fd5-40b3-8423-8c5191dee2e4,VH-6333,0.0028740323764356083,WAIT,Below threshold
9fe1a727-a8dc-4a09-9fa2-18edbb5ae0ec,VH-7597,0.9871009489496214,FIX,Expected cost: 4935.50 > fix cost: 1000
b06fa22d-f075-4f6b-b85c-a573e4a3ac24,VH-9185,0.9965472041097141,FIX,Expected cost: 4982.74 > fix cost: 1000
fdd8bee9-f2e2-4810-9ad7-095ba16403c6,VH-6366,0.015125432858373387,WAIT,Below threshold
9dcce053-36e7-47a2-bfab-668cf4d4c316,VH-1612,0.9687272080638243,FIX,Expected cost: 4843.64 > fix cost: 1000
3a8dd0f0-dadb-4be3-9641-3afb38ae48d0,VH-8430,0.004453493427167677,WAIT,Below threshold
ffcd5087-9410-4657-9548-7d1d69308660,VH-1847,0.9961573657551263,FIX,Expected cost: 4980.79 > fix cost: 1000
ed6615aa-8b08-41fa-a3ba-65f9ee8fe081,VH-5037,0.9961106059410039,FIX,Expected cost: 4980.55 > fix cost: 1000
42e06351-5dca-4500-bbbc-364b310c0ecd,VH-4242,0.0051729047673468465,WAIT,Below threshold
7478fc5f-5626-4750-bb8c-da2fe1565f1f,VH-4700,0.005680295078236746,WAIT,Below threshold
98c27e4b-f0ef-4314-99a0-b98e1e952071,VH-4219,0.003935420653106248,WAIT,Below threshold
6e4f2077-9b36-4039-84a6-a92f0366849a,VH-1181,0.9896678084049112,FIX,Expected cost: 4948.34 > fix cost: 1000
0ee3b531-0614-42fd-a511-c983c8322bc2,VH-6436,0.004677229061416967,WAIT,Below threshold
f34e546d-dce5-4538-9539-55ace3ea5b7c,VH-7621,0.006034435861465847,WAIT,Below threshold
1afa986b-437f-4552-a3f4-f6b75af9e4fa,VH-6722,0.0015387631084247378,WAIT,Below threshold
d564520e-b8b3-4c4c-91bb-46d29e7dcf19,VH-4143,0.9947156742293892,FIX,Expected cost: 4973.58 > fix cost: 1000
99c34cae-0fd9-4371-b893-e10d4eef69f4,VH-9290,0.003147852038511134,WAIT,Below threshold
ae4bf31f-84ed-4dfe-99ba-6d5f6350eebf,VH-9187,0.01729368756986328,WAIT,Below threshold
d5667e10-db93-4e2f-a918-42621e8d40e2,VH-8322,0.9987900728213319,FIX,Expected cost: 4993.95 > fix cost: 1000
156a5b3f-3c9b-4ecd-b121-50874cc48fe4,VH-1673,0.006845736918513302,WAIT,Below threshold
8bf93946-94be-4c57-aea7-94a62922e9ae,VH-5657,0.9888014188009356,FIX,Expected cost: 4944.01 > fix cost: 1000
a545c963-ee29-4a66-9247-ff1fac972a5e,VH-2647,0.003247269989388049,WAIT,Below threshold
39fa20bc-6a2e-4d4b-8b7b-8647bdf84448,VH-4026,0.9783226453207313,FIX,Expected cost: 4891.61 > fix cost: 1000
cdc0cdd1-4036-4ac7-9f0e-6b6210504612,VH-1266,0.9656572391197512,FIX,Expected cost: 4828.29 > fix cost: 1000
6a531314-ccef-4794-9f33-3f6351bf4aae,VH-2937,0.004491077542040435,WAIT,Below threshold
b9a8a33e-d1a0-4831-9ddc-744b8bdde76f,VH-9368,0.9937602888459791,FIX,Expected cost: 4968.80 > fix cost: 1000
3d4f0bb1-397b-44d9-b945-6d4cd21e9775,VH-5021,0.6729670038785075,FIX,Expected cost: 3364.84 > fix cost: 1000
db3de76f-cea5-4de8-89ae-8e9ca32c9890,VH-7713,0.01223459885387094,WAIT,Below threshold
5590274e-fe8c-411b-bf08-ab6611d45f54,VH-7597,0.007416822189906911,WAIT,Below threshold
56a0c741-6897-4e0c-b4f4-e9d40950a24a,VH-9475,0.003067159476014178,WAIT,Below threshold
37dd0562-961e-4a84-a059-e62865a65c6d,VH-2971,0.002855123937170072,WAIT,Below threshold
f3224a5c-99e0-40bd-a161-30dd1a5f758a,VH-6039,0.006489985335729007,WAIT,Below threshold
be518fb5-15b1-47fc-ac65-36ce80cf478b,VH-1777,0.0029865867786917615,WAIT,Below threshold
84bdd8cc-3170-4d04-a36a-e946a141e4df,VH-3747,0.9961802005315757,FIX,Expected cost: 4980.90 > fix cost: 1000
4933af56-2530-484e-97c4-57f6acac75cd,VH-1836,0.004214921978698985,WAIT,Below threshold
7b5f4faa-2a91-4993-b99f-3341dabe2f94,VH-6727,0.0017054066774908148,WAIT,Below threshold
639dbfe7-23c2-4c21-a129-52fcc31a344d,VH-8203,0.9776435556164961,FIX,Expected cost: 4888.22 > fix cost: 1000
c8de1b9d-c3ce-4807-a170-b49d256202f7,VH-2817,0.9918205793491602,FIX,Expected cost: 4959.10 > fix cost: 1000
8c91d5d1-7de9-4953-855c-ec6c4c0cced6,VH-4098,0.9974722666667162,FIX,Expected cost: 4987.36 > fix cost: 1000
161aa5a0-4571-4abc-b557-b13ee66d9c2b,VH-1572,0.9836306559189285,FIX,Expected cost: 4918.15 > fix cost: 1000
1a5fb0cb-478e-4ab6-95ee-8c91e0643c55,VH-3281,0.003070199701346484,WAIT,Below threshold
48406255-1bf6-4602-b569-4f8225362a4d,VH-6568,0.010231694876758568,WAIT,Below threshold
a1bdebbe-a65a-4ced-9df1-f2edd03129a1,VH-1806,0.9849530794594917,FIX,Expected cost: 4924.77 > fix cost: 1000
b5a27e7e-311e-4c66-a039-09fc1b8a72fb,VH-1760,0.004823149742508759,WAIT,Below threshold
0cc758ea-1da8-4b1d-aac8-b07ee644910f,VH-4145,0.001109959731919437,WAIT,Below threshold
a0d3fe0c-b979-4dcf-aa3a-a608510f6768,VH-5183,0.999907997277799,FIX,Expected cost: 4999.54 > fix cost: 1000
19b86a7e-e92d-4fdf-bea3-037e06c93fd7,VH-5260,0.7250598386027634,FIX,Expected cost: 3625.30 > fix cost: 1000
b9322f1b-0d3e-43b2-8ea3-cd62c1fb9ab0,VH-8399,0.0040252701647586,WAIT,Below threshold
d9ed2958-f528-49e7-9ad7-f806687644a3,VH-2929,0.004772390312434408,WAIT,Below threshold
59c820c8-e674-4bba-abf2-eac2e8ef903e,VH-4972,0.002184304558212666,WAIT,Below threshold
0aabeebc-df8d-45e3-b17b-3d08007a42c2,VH-2873,0.003288657724682908,WAIT,Below threshold
4e158a6c-3726-4d3c-9e49-3de2f53bcebd,VH-9885,0.9976870681279127,FIX,Expected cost: 4988.44 > fix cost: 1000
72df62ad-bae7-4c53-9f0d-e7b40a5d700d,VH-7560,0.012128907587488864,WAIT,Below threshold
1e082180-e3a4-435d-9c7d-dbb3ced7da7b,VH-1351,0.002044307811561075,WAIT,Below threshold
c272e7e1-1a0a-49ba-a2df-0d72a749bb10,VH-5432,0.9971582378128575,FIX,Expected cost: 4985.79 > fix cost: 1000
4137894b-f464-4116-b9cd-89ab4841cd53,VH-1825,0.0022477579175197897,WAIT,Below threshold
e8f2111a-55d1-4fb7-ac55-43191aee582d,VH-6680,0.0039844758118506,WAIT,Below threshold
b8c5137e-9423-43a4-a296-14d5ea8ea82b,VH-3105,0.0022215163014065024,WAIT,Below threshold
48d05b2c-2442-4732-8512-34261bd7feb9,VH-5021,0.004529117367020463,WAIT,Below threshold
0241aac5-5d6d-4e12-9c85-8510c8e23890,VH-3643,0.002370680079640837,WAIT,Below threshold
5fd29a93-f4e7-4739-b595-0cbd4356ecbc,VH-1877,0.007914740441658588,WAIT,Below threshold
425d2386-c577-4ae5-89cd-f175a345584a,VH-9424,0.010312412314495988,WAIT,Below threshold
cd4b2fcc-ed79-432d-8b56-d27cc0360d3c,VH-1909,0.9946501705764255,FIX,Expected cost: 4973.25 > fix cost: 1000
e9ddd1a4-133a-44fa-873f-a307ba8cfcda,VH-5233,0.9905399621887833,FIX,Expected cost: 4952.70 > fix cost: 1000
aff92db5-6f78-4181-a64d-b21bd95fbf2a,VH-3526,0.02179256750104422,WAIT,Below threshold
c68a8bd6-cdaf-435a-ba08-14952a3c9a4c,VH-2610,0.002238086498454992,WAIT,Below threshold
c871404d-be05-48f4-a7df-4b83132093fa,VH-9911,0.22199123189118128,FIX,Expected cost: 1109.96 > fix cost: 1000
609075d3-7561-497f-a7e6-a2fc5d6e6b67,VH-5799,0.003066668922147019,WAIT,Below threshold
aa1f26f8-12b9-4754-827c-84bc16f4df79,VH-5475,0.9999828783725201,FIX,Expected cost: 4999.91 > fix cost: 1000
9951d4d7-d1ae-42bf-a2a0-f82c6eadf95f,VH-7410,0.0206957496451864,WAIT,Below threshold
71483207-43b0-48b1-bcc3-9ab2e16e8e24,VH-7487,0.9892587857982004,FIX,Expected cost: 4946.29 > fix cost: 1000
ba3532f6-f9aa-4388-bea9-831cc8e599f8,VH-7407,0.9945013553376687,FIX,Expected cost: 4972.51 > fix cost: 1000
d5d3090c-fc66-479f-b6f4-fc56312b8519,VH-4762,0.9950904034114346,FIX,Expected cost: 4975.45 > fix cost: 1000
15f1ff43-8310-4d6d-bdb1-0d492ca7f13b,VH-9589,0.996230930388166,FIX,Expected cost: 4981.15 > fix cost: 1000
0140ccb5-c4b5-4a07-bd5e-dd7b5d36d06e,VH-8144,0.9943952901666511,FIX,Expected cost: 4971.98 > fix cost: 1000
2a875416-ca75-4d8b-b580-94ba885b781a,VH-1426,0.004036781897113786,WAIT,Below threshold
9c94782f-8124-45cd-863c-64a9324f1913,VH-4192,0.0019688719690741006,WAIT,Below threshold
c9f75193-b1b2-4857-a578-728da0ec035b,VH-6597,0.00686144905789429,WAIT,Below threshold
262fffb6-cfc2-4d53-a783-45b0655af419,VH-6217,0.004405085887067399,WAIT,Below threshold
5f9bd471-c83c-414d-a730-70844c53765a,VH-4629,0.9999537240907415,FIX,Expected cost: 4999.77 > fix cost: 1000
b18ca380-2bcd-4002-be45-ee0054df6707,VH-8393,0.9975159804082139,FIX,Expected cost: 4987.58 > fix cost: 1000
9f04d876-2815-4874-a5d5-ba74b7f8b032,VH-1027,0.002858913551819266,WAIT,Below threshold
f8752ab2-1fa5-41ee-b8dc-0d9263bb439c,VH-2656,0.009392664831261556,WAIT,Below threshold
b3497639-af58-4a28-9527-adb78f8cf5d6,VH-4912,0.9963983094639852,FIX,Expected cost: 4981.99 > fix cost: 1000
b8980a6e-7903-45bd-8c34-e6d40864582c,VH-4212,0.9902772341080893,FIX,Expected cost: 4951.39 > fix cost: 1000
98b471aa-2188-43cd-8b70-c247c509ef92,VH-2931,0.9951238690638214,FIX,Expected cost: 4975.62 > fix cost: 1000
57d988fc-47ec-4011-a14d-556204ee95d4,VH-6748,0.992204408392128,FIX,Expected cost: 4961.02 > fix cost: 1000
67a7df16-b8d2-4562-84b5-387e74172387,VH-2247,0.006096685372214135,WAIT,Below threshold
24ce9d72-26e2-4b20-a9b8-ae707b87b2b4,VH-2721,0.003807900930164396,WAIT,Below threshold
c9bdb884-64be-45a9-bbd2-7d1f492e5dfa,VH-3441,0.001805221045225372,WAIT,Below threshold
3201d7df-4bf4-4969-aaa9-a7fda1bbec32,VH-9694,0.006614909603492012,WAIT,Below threshold
3ac9d928-34d8-4ce3-ba1a-2716fc5ef4f6,VH-6507,0.0008314575013660926,WAIT,Below threshold
9bd838f6-3078-4229-b9c3-6eb5e4fab20b,VH-7971,0.0019240201075422794,WAIT,Below threshold
b934f888-1f4b-44b0-be11-8391ba1f6ea5,VH-2259,0.002970800880514747,WAIT,Below threshold
0bdb2061-70db-4cdb-a27c-2bb5cbbbbab1,VH-8452,0.0013481224800529316,WAIT,Below threshold
e7aabf38-29f2-423b-8df5-9e2947fcb430,VH-6592,0.008309887307317273,WAIT,Below threshold
ca3c1783-a13a-4255-839f-b2933d85e418,VH-8890,0.9951836504104452,FIX,Expected cost: 4975.92 > fix cost: 1000
5aa26289-0c45-4ff5-bd12-6d0b537c0f88,VH-9234,0.006551074015101953,WAIT,Below threshold
bdcd0d67-8004-44be-9be5-ccfeea212ccf,VH-1077,0.9811279052470442,FIX,Expected cost: 4905.64 > fix cost: 1000
8d5a2cf2-4584-4424-a241-82527ae2b518,VH-5962,0.0018539532476573334,WAIT,Below threshold
ee037961-cbca-4669-baed-a370419ce082,VH-8495,0.41354442379381906,FIX,Expected cost: 2067.72 > fix cost: 1000
fe432213-dd26-4de0-93cc-30943c7218b3,VH-8972,0.0016355619524139366,WAIT,Below threshold
085c0ae9-1005-46ad-81e9-67d26931768f,VH-1309,0.994706797343133,FIX,Expected cost: 4973.53 > fix cost: 1000
500821ce-e3f7-41f6-a272-0cf9993ee20c,VH-8440,0.0031256799022013225,WAIT,Below threshold
898e70b9-1a28-4ddf-83a0-3c10a8180883,VH-8663,0.002980459304918426,WAIT,Below threshold
b0d8a9b1-a6b1-413a-9dcc-7e9695a9b414,VH-1442,0.0030939583408162207,WAIT,Below threshold
0ddca4a3-545c-4066-a736-647d9fff1d23,VH-8581,0.003362021447726112,WAIT,Below threshold
0d36e0a7-6690-48c0-a772-d86dc65cd842,VH-4933,0.003905064680277622,WAIT,Below threshold
fe8467b1-f91f-498b-a04b-75f0d3a4962f,VH-3736,0.9933159279835909,FIX,Expected cost: 4966.58 > fix cost: 1000
88f86050-74f5-41af-bc5e-56c629b835bd,VH-8330,0.004137521559815893,WAIT,Below threshold
90448ef9-c7d7-42db-8357-529bea595645,VH-4971,0.9945308810978889,FIX,Expected cost: 4972.65 > fix cost: 1000
d7369b46-42ef-40c8-a757-11f00d2f03db,VH-4912,0.9999126833269787,FIX,Expected cost: 4999.56 > fix cost: 1000
ec5e00bf-b079-4fb4-909b-a9f4b62cb1c3,VH-6163,0.0059017957546675685,WAIT,Below threshold
e698b86a-3357-46ef-a1b1-f0f1126099ef,VH-4375,0.9913339395662844,FIX,Expected cost: 4956.67 > fix cost: 1000
66b476b8-1e7e-4c00-8dc1-e7ce35534371,VH-7846,0.02029232838792988,WAIT,Below threshold
a8f4681c-1777-4f68-ae04-ef23eb66613c,VH-8014,0.9923919707251763,FIX,Expected cost: 4961.96 > fix cost: 1000
204c04de-4f89-49c2-b0c4-ce5eaf14c167,VH-6555,0.009774524905284018,WAIT,Below threshold
ace89bd5-56ad-4af8-8973-47c6ae2b6fb6,VH-4780,0.9943186793667211,FIX,Expected cost: 4971.59 > fix cost: 1000
b6d2258a-abc8-40de-b88f-e638236baffe,VH-5772,0.9999962897703163,FIX,Expected cost: 4999.98 > fix cost: 1000
d76469b1-9e60-4221-bf9f-7b3e22f3d2c5,VH-7108,0.9979805538765439,FIX,Expected cost: 4989.90 > fix cost: 1000
9fd1870c-0eaf-4483-815a-6c824c671b8d,VH-8226,0.9787791040319389,FIX,Expected cost: 4893.90 > fix cost: 1000
23fd8cd1-1dc5-4549-8feb-9390cef6fcef,VH-4968,0.9921718345131052,FIX,Expected cost: 4960.86 > fix cost: 1000
1ef1340f-2d5d-4076-b9e6-e79d6fa4cf42,VH-8503,0.008348576640829311,WAIT,Below threshold
598017e8-410b-495e-a7c6-ed5cad9be8fd,VH-4361,0.018429898744970523,WAIT,Below threshold
24dad8ac-38fb-4d8b-89f7-93d5759efcd4,VH-4506,0.005492617273673145,WAIT,Below threshold
d2740ecf-60b3-4589-8b55-9a026f4c5183,VH-5794,0.9953425094371569,FIX,Expected cost: 4976.71 > fix cost: 1000
a96ed986-a1c8-4905-bda9-297f87af819b,VH-1117,0.007970203222942035,WAIT,Below threshold
26f6c165-6099-4b72-9b77-1e1ebe410951,VH-1345,0.0068680120546197355,WAIT,Below threshold
77c6e69a-a191-4a9d-a15f-368556d83780,VH-2684,0.9888957029521326,FIX,Expected cost: 4944.48 > fix cost: 1000
9b22ceb7-e9a1-49ef-ad5c-13dbfdab0a6e,VH-8645,0.004260304621083212,WAIT,Below threshold
06a66d19-580d-4c29-beac-96980bf45738,VH-6104,0.01518716012156704,WAIT,Below threshold
7ee2ee15-b534-4766-8e06-c31d07ddefa0,VH-4281,0.008360497098033907,WAIT,Below threshold
b94d058b-5a0c-49b8-ba0a-df9e08b9a2a1,VH-1531,0.004699593950208273,WAIT,Below threshold
63a7cf0e-b727-4032-8cd5-ca5e9b40e38d,VH-6335,0.9999458480484893,FIX,Expected cost: 4999.73 > fix cost: 1000
12acfa16-4657-4878-9783-1319605ac2a4,VH-2062,0.9905741415135599,FIX,Expected cost: 4952.87 > fix cost: 1000
16308f24-042f-4c72-bb75-68ec1336f599,VH-9964,0.9999277589155655,FIX,Expected cost: 4999.64 > fix cost: 1000
54cf60bf-5111-4e6f-83cf-eee4639ad5b0,VH-8425,0.9972751839444106,FIX,Expected cost: 4986.38 > fix cost: 1000
fe7a7905-0055-4622-919f-f33cda00a0ab,VH-6071,0.9999374339590464,FIX,Expected cost: 4999.69 > fix cost: 1000
f1947feb-f99d-42aa-9ddb-8232554cd9c7,VH-5186,0.006790640882847948,WAIT,Below threshold
c074143f-ac67-4622-b779-c0ab1e636510,VH-1685,0.003681535430207297,WAIT,Below threshold
c38d851b-a346-4455-a048-5d206e84c77c,VH-8636,0.005037502202322924,WAIT,Below threshold
2ded83c7-fb20-4239-b8a5-5f966656dcc6,VH-7326,0.000657043966302544,WAIT,Below threshold
ccb1961f-e306-42a7-8a58-d61bb6da7fd7,VH-5155,0.9886896870382874,FIX,Expected cost: 4943.45 > fix cost: 1000
6815f2fa-fa57-4ff2-9cb1-5dff48e9efa5,VH-3665,0.9929639109544849,FIX,Expected cost: 4964.82 > fix cost: 1000
d99fb999-8949-469d-89bf-4f2c50d0a16d,VH-5557,0.9953743359235511,FIX,Expected cost: 4976.87 > fix cost: 1000
1711ec3a-f0dd-4923-bf52-ceee3e5a01d0,VH-6575,0.0031896053459959887,WAIT,Below threshold
305e1779-4901-42a5-84ce-4dce6194adaf,VH-7890,0.013480111735119645,WAIT,Below threshold
ae120385-473a-4372-8bd8-11c8110a1ea1,VH-5594,0.0038030742588220645,WAIT,Below threshold
f6e4d2c2-dce8-492d-841b-5e8c3c135e07,VH-7929,0.9907290548982427,FIX,Expected cost: 4953.65 > fix cost: 1000
51ae8c4d-c45f-4003-8a89-e632341e2e3f,VH-1071,0.9971940172042408,FIX,Expected cost: 4985.97 > fix cost: 1000
4ec038fd-1eae-450d-93a4-834591e9646f,VH-3651,0.025406307875880958,WAIT,Below threshold
86639247-895f-4f45-9cd8-7f4423e05751,VH-6823,0.024302346564180406,WAIT,Below threshold
d465085e-0165-420d-ad67-5e4317e51e61,VH-3601,0.0033633743161635516,WAIT,Below threshold
7e1423fe-f55f-4413-8982-0f766bf9ee63,VH-9426,0.002083299470052726,WAIT,Below threshold
24fbc5d4-1fdd-42d7-8643-3d2c04beb13c,VH-3513,0.01605614407457596,WAIT,Below threshold
1c5176b6-bf40-43d2-8abb-3d16828c85a1,VH-6700,0.0008775213574417352,WAIT,Below threshold
54343216-1dbf-4f81-9e26-b1f743293176,VH-2645,0.0016820147763453842,WAIT,Below threshold
73956c7c-7842-4abb-a795-8cf2dc084336,VH-8257,0.6204650812702219,FIX,Expected cost: 3102.33 > fix cost: 1000
ab746571-666e-4fc2-880c-3e6e37328deb,VH-3712,0.9931800056925824,FIX,Expected cost: 4965.90 > fix cost: 1000
715e9ad4-621a-4390-a8ea-9ccea4e22659,VH-1595,0.0014678834066532015,WAIT,Below threshold
00a8102a-b2b7-423a-8d60-98c781a7e368,VH-4386,0.005728231839657106,WAIT,Below threshold
5f21b682-f38d-4384-8ba6-a67f9072a5f2,VH-4134,0.0012600473897759043,WAIT,Below threshold
a7fd16ba-21b3-4622-9bc9-a2ea724409db,VH-9908,0.011930958736124101,WAIT,Below threshold
4a5d9bf5-1711-4243-9825-2d765469a5a1,VH-3248,0.0189233304264456,WAIT,Below threshold
2ffbab30-17ce-46d3-bc14-32b55f6d1d5d,VH-4341,0.004882537200687619,WAIT,Below threshold
560f28e5-e652-4a37-a8e6-5c73f4f305ce,VH-4883,0.005424565016680104,WAIT,Below threshold
2176c931-71f5-421d-bb24-8e7ca6a75bc5,VH-2640,0.9920375653398311,FIX,Expected cost: 4960.19 > fix cost: 1000
900bca7c-77cf-4a5c-bc97-eb76b5616747,VH-3664,0.9971611256046234,FIX,Expected cost: 4985.81 > fix cost: 1000
59066a87-d917-4006-9a57-b3c69d386f28,VH-6887,0.9734304978619093,FIX,Expected cost: 4867.15 > fix cost: 1000
25cf7b76-488c-49e9-aaab-96e7078ad924,VH-2209,0.9963567071535505,FIX,Expected cost: 4981.78 > fix cost: 1000
fb72d231-5a6c-47a3-a1a7-c390eb334ec0,VH-9302,0.0028115192777261214,WAIT,Below threshold
83070726-5f3a-4cd5-b751-a91feece3d7e,VH-8225,0.011790533506288498,WAIT,Below threshold
85e78f51-0616-4a06-816b-1681bcc8c99f,VH-5867,0.0009960144558797334,WAIT,Below threshold
f79a74ec-74e6-4174-9cde-3cbaee00bc80,VH-7638,0.988871465112973,FIX,Expected cost: 4944.36 > fix cost: 1000
5b769a00-fa5b-47ff-8061-8fa3ff701daa,VH-3625,0.007703772047450658,WAIT,Below threshold
549dad6e-e9ee-4d3d-8101-b18c63944f86,VH-6791,0.003041423803105117,WAIT,Below threshold
a3084f87-d169-4586-b68d-9040bfc4844d,VH-8074,0.9822870146440281,FIX,Expected cost: 4911.44 > fix cost: 1000
6a1be3e0-af2e-4afa-a26d-4cc070111657,VH-7344,0.00340862723872873,WAIT,Below threshold
84681a71-f111-40de-8880-150e942f50ef,VH-9479,0.9906618805590813,FIX,Expected cost: 4953.31 > fix cost: 1000
29cd32cb-05d3-4511-8392-b41c169e751e,VH-8639,0.0024047186933598107,WAIT,Below threshold
4be68464-1808-4acf-b59d-56248a1ffdac,VH-2272,0.45638505988488126,FIX,Expected cost: 2281.93 > fix cost: 1000
eb946630-aea6-40dd-90e5-835d92bee8b9,VH-5566,0.004207173857681007,WAIT,Below threshold
fc0f1827-775a-41a6-85e5-9cca0b7fda99,VH-2046,0.007994753138098273,WAIT,Below threshold
095c11a5-8a59-4cc4-9de2-d6f6d1e53584,VH-6127,0.9975428433138948,FIX,Expected cost: 4987.71 > fix cost: 1000
8750574e-497d-4282-993e-4dd513b49051,VH-3617,0.026114445545713814,WAIT,Below threshold
c013fc00-aa3b-418e-a7ce-18dc64a77d93,VH-8142,0.004322359387082391,WAIT,Below threshold
8fafbba2-f451-4f89-8d0c-602b6cba2e1b,VH-3373,0.0014323092172835346,WAIT,Below threshold
bb64a7ef-4b47-4e06-995b-7952e38efdf5,VH-7212,0.980676591786707,FIX,Expected cost: 4903.38 > fix cost: 1000
a82ac4b3-c1d7-4874-80f7-725a06268ae1,VH-6858,0.9965771354752988,FIX,Expected cost: 4982.89 > fix cost: 1000
9977f10b-3dd3-4faa-ab1a-4765fc0b3cc4,VH-5449,0.020236121259404813,WAIT,Below threshold
bb5b2526-d89b-4825-950e-68d9e91c9d2e,VH-9455,0.9952871430701623,FIX,Expected cost: 4976.44 > fix cost: 1000
9adfdc2a-7fa9-4b24-9b54-6a4497594477,VH-5144,0.9929485261520892,FIX,Expected cost: 4964.74 > fix cost: 1000
f8f190a2-59cf-46e8-a573-b05e47d72b2b,VH-5123,0.012085512572969937,WAIT,Below threshold
014b6208-42a7-49ff-946d-9955dd793c48,VH-7999,0.9968890403610873,FIX,Expected cost: 4984.45 > fix cost: 1000
1b979fdb-a352-4df5-b3d0-823f74d01de3,VH-1578,0.003021386249245342,WAIT,Below threshold
afcddf73-b022-4399-8cf8-82652eb78323,VH-2108,0.009437314779280443,WAIT,Below threshold
8b0a9ddc-a80d-4624-875c-d3e75fef3fdf,VH-4270,0.983344973094661,FIX,Expected cost: 4916.72 > fix cost: 1000
f61877a9-1828-41f3-8698-66bae00913c5,VH-5215,0.9999274006347583,FIX,Expected cost: 4999.64 > fix cost: 1000
fa0e9928-0c96-42ef-abaa-5cb1af61307c,VH-4725,0.0033135885726480263,WAIT,Below threshold
78e5aa34-a3b4-44a1-a2f2-0e21c13e9912,VH-1858,0.006036174569940126,WAIT,Below threshold
455fce4a-7ae1-4041-a2b8-372c8931b668,VH-8062,0.004892203261358239,WAIT,Below threshold
e3fc803f-a134-4d60-8a07-030d3da68447,VH-4810,0.00221902808723721,WAIT,Below threshold
1d618239-5665-4413-849d-62eb634aa79a,VH-8136,0.007104942772744189,WAIT,Below threshold
bb3e928f-0342-4d19-99e9-d4ff7fa579fd,VH-2037,0.013197639306950587,WAIT,Below threshold
8f7e1a35-3b2e-4c71-9bdc-fd9c3b179a90,VH-6451,0.0069992979010013575,WAIT,Below threshold
f9983326-2cdb-4bbc-9a89-78c16ae27e36,VH-4443,0.9913175618068518,FIX,Expected cost: 4956.59 > fix cost: 1000
5e665f52-44ca-4810-ab76-e91872bfea2d,VH-5333,0.010473810718020716,WAIT,Below threshold
ba305034-7ea3-484b-9768-a5aa6ef66f22,VH-9651,0.99674163635863,FIX,Expected cost: 4983.71 > fix cost: 1000
6a70dbfc-14b3-4e0a-90ad-714e00fda8ef,VH-4570,0.002070373785877357,WAIT,Below threshold
cd160c58-8cdb-43f7-8c84-e2c52975a30c,VH-7584,0.011264964795403301,WAIT,Below threshold
c2da84bc-41d3-439d-9559-0317edcc0a4f,VH-6781,0.997480643946407,FIX,Expected cost: 4987.40 > fix cost: 1000
1c7707ca-162d-4cdc-8976-598a31b20989,VH-9699,0.989190099133735,FIX,Expected cost: 4945.95 > fix cost: 1000
6847d4e5-40c5-4d9c-baf1-e966deb7733f,VH-3202,0.9963003264318552,FIX,Expected cost: 4981.50 > fix cost: 1000
20d8efb4-9c39-4ff7-b47c-1c37d907979c,VH-2527,0.0035090235742003028,WAIT,Below threshold
b1a8541e-c522-486e-926b-39d316dcdbdb,VH-6485,0.9894070790540562,FIX,Expected cost: 4947.04 > fix cost: 1000
d62892f0-cbf5-49f7-83a6-ea1527fd7be8,VH-7550,0.9969787059977483,FIX,Expected cost: 4984.89 > fix cost: 1000
857d3652-86ba-4409-ba31-6d07963a5330,VH-9672,0.9961194387628023,FIX,Expected cost: 4980.60 > fix cost: 1000
abbe3aa0-9aff-4667-ad05-1770af0a9da0,VH-3609,0.007086308831133425,WAIT,Below threshold
72d8d196-fa31-44cb-9add-2c4d397868c9,VH-4089,0.36806868513757685,FIX,Expected cost: 1840.34 > fix cost: 1000
00c5bd29-75c9-4b88-bc37-262bf5011a3b,VH-7859,0.008438349521849133,WAIT,Below threshold
0a086632-caa1-44cd-9150-13a258bd30e0,VH-3896,0.9875104905025526,FIX,Expected cost: 4937.55 > fix cost: 1000
e9bc70cc-00f1-42cf-9426-5fa650536b4f,VH-7074,0.004198509427866104,WAIT,Below threshold
2340a530-dc7b-46b8-b869-8b03517c4b5f,VH-5372,0.0058821211859951174,WAIT,Below threshold
7aec265e-36da-4407-b8fe-8eeeed7c3996,VH-9627,0.9966727416272331,FIX,Expected cost: 4983.36 > fix cost: 1000
843ebef3-4455-4ec0-a81d-75ad7b537234,VH-1506,0.01865633950869382,WAIT,Below threshold
0f3d70ab-4a0f-49c2-9c11-09acaaa8e42a,VH-3784,0.9893544953111892,FIX,Expected cost: 4946.77 > fix cost: 1000
76d866ab-51ab-4553-a876-a0f319a81e46,VH-4889,0.9961290500619934,FIX,Expected cost: 4980.65 > fix cost: 1000
4c14d99c-a56e-46d0-93b5-cc0091182b55,VH-9594,0.9949097175013878,FIX,Expected cost: 4974.55 > fix cost: 1000
ecf29419-aeb8-42d5-b9f7-830827186b61,VH-4674,0.0072915361442142754,WAIT,Below threshold
417ee477-e6f1-4879-8f49-bdb6b7090828,VH-7551,0.0022914611409476033,WAIT,Below threshold
6d3cc82d-2d24-46f1-ba61-549ccdd72076,VH-1652,0.003723231011447408,WAIT,Below threshold
95be7cef-91be-4d99-9df1-8656c5fdfc06,VH-2648,0.9979822116617777,FIX,Expected cost: 4989.91 > fix cost: 1000
717f2c1a-d747-40a9-ab6f-df90d6d414b8,VH-9135,0.0034882184226463346,WAIT,Below threshold
3161558f-4e42-4084-8f24-8ca150b09f19,VH-3314,0.0004735879171978696,WAIT,Below threshold
215c0ad3-a11c-42c5-8a92-c50d6e4f8365,VH-5678,0.9991463304824273,FIX,Expected cost: 4995.73 > fix cost: 1000
c3215f74-0ec7-44d3-80e1-a78ed70c97a2,VH-4109,0.010578659770680943,WAIT,Below threshold
8f6d6109-63c8-478c-8f33-b27811056d0f,VH-3005,0.014131544918542313,WAIT,Below threshold
11c4d1e5-bd64-4ea4-88f7-948d83b05d86,VH-1473,0.9972146937733181,FIX,Expected cost: 4986.07 > fix cost: 1000
016298c4-ff3f-470f-bcf4-57fc35bfd72c,VH-9742,0.9743852430347426,FIX,Expected cost: 4871.93 > fix cost: 1000
c10c683d-5dad-4b7c-ac32-c4f3b407fe9f,VH-1390,0.011022804384949438,WAIT,Below threshold
df3dd8a4-8ba3-486d-9938-8175226d4f03,VH-4438,0.004452506895116145,WAIT,Below threshold
bc2e7c4c-4cdc-4f6d-9f3a-c85e8984c519,VH-8650,0.9957188284741747,FIX,Expected cost: 4978.59 > fix cost: 1000
df96a2fc-93e8-4ae0-8a85-91baa0bfb2a5,VH-2670,0.0017742640975731256,WAIT,Below threshold
c5da7bfc-075c-4aec-9b37-12715f28499a,VH-9967,0.0035173403982859805,WAIT,Below threshold
75925f79-dc11-471d-9584-37b2a3125579,VH-3773,0.9973116465802577,FIX,Expected cost: 4986.56 > fix cost: 1000
f8f8db6a-a2dc-405f-8082-007536dba258,VH-1776,0.006562873411487908,WAIT,Below threshold
637e0fcd-81ca-4a57-b518-8a3c1a4c0577,VH-4115,0.003433206850346026,WAIT,Below threshold
582ff91a-2cda-49df-9d05-fa184d428ffe,VH-7639,0.014977728987699104,WAIT,Below threshold
606ecc21-815c-460e-9070-e65687737d5c,VH-3795,0.002364860493318446,WAIT,Below threshold
9225da34-77c7-4328-bd70-7606c603bb22,VH-7152,0.005605572690117919,WAIT,Below threshold
ee02d4be-a6cf-40e1-b548-d18e7126c9dd,VH-1827,0.002325469497714441,WAIT,Below threshold
02788761-f473-4e77-85f8-41aa00bd7f05,VH-8280,0.9899574427358157,FIX,Expected cost: 4949.79 > fix cost: 1000
2b1d26be-b1bc-48a3-a927-209eb7ee1637,VH-7961,0.004220725960672188,WAIT,Below threshold
ae94df24-28ff-4935-a430-89d70ee8c731,VH-4835,0.9999688316524042,FIX,Expected cost: 4999.84 > fix cost: 1000
4ada4173-5f03-4e3f-9b31-343f60befc7f,VH-2062,0.9875727673654953,FIX,Expected cost: 4937.86 > fix cost: 1000
c55eb19c-4d7d-4e01-867a-f9b10b882d0a,VH-9698,0.006735397019405393,WAIT,Below threshold
8cbf8528-79d5-4bfb-ae16-1489468b921e,VH-2779,0.005604678431177207,WAIT,Below threshold
ebdef091-cf02-4f48-a5cb-f47e2af7a2e8,VH-1816,0.011390224614870575,WAIT,Below threshold
d3f468fe-0dab-4ff5-ae3c-a2639c809944,VH-1495,0.0017519468098893371,WAIT,Below threshold
c3c31b1b-73cd-41e0-ad16-9975865c19ce,VH-8021,0.0038187738616641213,WAIT,Below threshold
8fb198bb-957b-477e-8247-b3b6478d5121,VH-6033,0.010185516712263152,WAIT,Below threshold
131f3bf5-5549-4e1f-8b16-fb5019c6c9cd,VH-2019,0.0076426873790399474,WAIT,Below threshold
adf41311-4e61-4ca6-866b-d29aad7a5c6b,VH-1860,0.9951367607582804,FIX,Expected cost: 4975.68 > fix cost: 1000
82f8614c-bdae-4a90-86c3-1c0cb0d6a820,VH-5235,0.0034748765582236114,WAIT,Below threshold
43c3a102-2c80-4582-a5d3-b6da6ad1af3f,VH-6181,0.0031731590543798353,WAIT,Below threshold
04930c26-c65c-4e44-9137-2db9d97e556d,VH-5127,0.0016862961820391306,WAIT,Below threshold
188e453f-c56f-43c2-a554-c61858a6940c,VH-7826,0.004248815200257321,WAIT,Below threshold
32e06c07-b26d-4d30-b237-17e4b032f147,VH-2290,0.027640492971295155,WAIT,Below threshold
2e75f69e-7702-44b6-abed-e4232b49ad00,VH-2122,0.9951107166060276,FIX,Expected cost: 4975.55 > fix cost: 1000
53870645-a44b-4ff9-82f4-36f816a2eb51,VH-2510,0.0086925529722519,WAIT,Below threshold
79672ebe-601a-4a5e-b565-48aa4e2f3083,VH-6639,0.9951537889907693,FIX,Expected cost: 4975.77 > fix cost: 1000
007e6f33-d3c6-468e-a439-3f6c3b743515,VH-1861,0.0256606450162774,WAIT,Below threshold
d4ce3c43-4cd8-4935-a2bf-21cc03f1f323,VH-4665,0.0019263274572051295,WAIT,Below threshold
df23187b-4825-4a8e-bb29-b958aca7a091,VH-7448,0.002923684039885901,WAIT,Below threshold
1a3e6ad3-3e2b-4383-b368-43b2b6476d65,VH-7017,0.9979111616785163,FIX,Expected cost: 4989.56 > fix cost: 1000
14519b84-6d41-4468-a2c1-d969c1d6c8b6,VH-4336,0.010564583853667413,WAIT,Below threshold
21da9bd6-12fc-4526-9528-45634e38d488,VH-3074,0.9906344052126015,FIX,Expected cost: 4953.17 > fix cost: 1000
5683f043-1f5e-4655-ac76-7a7f588c48ba,VH-7517,0.004636565458139409,WAIT,Below threshold
dfd51086-b5f5-4748-a016-861dc4d42a3a,VH-7607,0.9937127396702868,FIX,Expected cost: 4968.56 > fix cost: 1000
7641e9b3-f307-4f5c-8f37-e839cd43d11e,VH-4440,0.003379391131696875,WAIT,Below threshold
c11a96b7-58ac-4d2b-a4b1-46c2ca75a67b,VH-5603,0.00518442388590065,WAIT,Below threshold
9694e283-bdcd-4cff-a4df-738e97e09d57,VH-8312,0.9922267553418113,FIX,Expected cost: 4961.13 > fix cost: 1000
2b312d78-9af8-4609-af3c-cf4d6d0edcd8,VH-3490,0.003307304079937306,WAIT,Below threshold
b3f748c9-6f18-46a9-9bd9-c19baa657d55,VH-4016,0.9896675967641331,FIX,Expected cost: 4948.34 > fix cost: 1000
d4b9cc87-0131-4b0c-bdc6-ef90f8c112a7,VH-2023,0.010292463963173336,WAIT,Below threshold
664c733d-c91f-406a-bc4b-6a03bef7f1ac,VH-2387,0.9999751264973208,FIX,Expected cost: 4999.88 > fix cost: 1000
0914ab81-792c-4841-adce-6a30f8be580a,VH-9879,0.0022706826905129008,WAIT,Below threshold
07085a3f-5866-4c91-be23-4b9b371ffcc1,VH-1277,0.27657653309220237,FIX,Expected cost: 1382.88 > fix cost: 1000
e6af7318-8655-4f4d-bdb9-de53e2e1a617,VH-5165,0.9999590559212707,FIX,Expected cost: 4999.80 > fix cost: 1000
fe969be7-45b1-47d8-9b67-1305a41e4a9b,VH-1870,0.9937578813085984,FIX,Expected cost: 4968.79 > fix cost: 1000
56b7cd5a-9705-4ef1-9037-80ae5a38d2ef,VH-1463,0.9880926867044943,FIX,Expected cost: 4940.46 > fix cost: 1000
31e7ffb0-9780-403c-8dc0-6cdff4dd2385,VH-1109,0.990658576074529,FIX,Expected cost: 4953.29 > fix cost: 1000
5cd3727e-c4fc-43dd-998d-297662b3eb76,VH-8136,0.30605841331948846,FIX,Expected cost: 1530.29 > fix cost: 1000
ec71b4fa-92ce-40ef-ac98-258e6c9356b3,VH-9463,0.011043078299946517,WAIT,Below threshold
a7bd771f-575f-44e0-ac62-c21be843496f,VH-5920,0.9941424306916471,FIX,Expected cost: 4970.71 > fix cost: 1000
2f6a85b9-414d-46aa-884b-d18f308de174,VH-6754,0.007635036662148075,WAIT,Below threshold
c19cc9f8-1c9b-4133-8450-db1c514b80ad,VH-3918,0.002285965475251297,WAIT,Below threshold
23f8e061-b97c-41bc-a6fc-abb3471b8a6a,VH-8706,0.9970698046929632,FIX,Expected cost: 4985.35 > fix cost: 1000
467e1a7e-e963-4790-93b3-ddbda5b10fda,VH-2773,0.9915167942636756,FIX,Expected cost: 4957.58 > fix cost: 1000
279bf068-1ce3-4aa7-9d46-cac734bd3866,VH-5529,0.9895328881883905,FIX,Expected cost: 4947.66 > fix cost: 1000
e882d20b-3044-4925-88df-7b9159237bd4,VH-4931,0.9903266925487813,FIX,Expected cost: 4951.63 > fix cost: 1000
776efe0d-b108-4600-b5dd-e73be33f29f3,VH-5678,0.9975646805682815,FIX,Expected cost: 4987.82 > fix cost: 1000
2cc15d30-a753-45ea-9967-a6bb672e1569,VH-8214,0.002154558345746637,WAIT,Below threshold
3419a4f0-3828-46c7-85be-d3784888e1ac,VH-3808,0.0031774019859459124,WAIT,Below threshold
2aaccbb1-3321-4b14-b32a-c9e382a86fa3,VH-3156,0.9750348634405227,FIX,Expected cost: 4875.17 > fix cost: 1000
21b21e59-6b0c-4bd2-8dad-a7f413280ff6,VH-5104,0.23558356330419605,FIX,Expected cost: 1177.92 > fix cost: 1000
a0839acf-734d-4a0b-828a-394a67bb2f04,VH-1655,0.9918758178308045,FIX,Expected cost: 4959.38 > fix cost: 1000
b3103d1e-71bd-4ee4-a71c-c09a99ff566c,VH-1319,0.9897667279428533,FIX,Expected cost: 4948.83 > fix cost: 1000
0c27c4bd-e231-4572-a672-30534e7ce1c4,VH-8539,0.004046302790636806,WAIT,Below threshold
1988a8f3-a99a-40cb-ac17-961e2fc5fe95,VH-9206,0.0151331450912985,WAIT,Below threshold
b797c662-1219-41d7-a4ed-e2a288d8a991,VH-2914,0.9827117577363627,FIX,Expected cost: 4913.56 > fix cost: 1000
c52578f2-fc5a-45d7-a629-c1c5945d79ad,VH-5638,0.0014898563509611643,WAIT,Below threshold
a4132369-caef-4238-9f5c-0ad57583866e,VH-8373,0.004362324532716467,WAIT,Below threshold
b648c800-73c9-45c0-8887-52ea1c25ffda,VH-3798,0.9969758204205501,FIX,Expected cost: 4984.88 > fix cost: 1000
79ddc009-f9bd-4717-b9b1-021be0adb846,VH-9374,0.0008532763585197501,WAIT,Below threshold
4ccec449-0ddb-4844-a353-a71db95c1268,VH-4944,0.004823472808024967,WAIT,Below threshold
a7fecfd4-3126-4368-acfb-01020f05185a,VH-6252,0.0023496338085938697,WAIT,Below threshold
38b95b1c-99ab-4429-8bdd-a810c951c733,VH-1906,0.0012797132847542768,WAIT,Below threshold
ea95098e-d72a-4ce1-95e3-b9e3664375a1,VH-8684,0.013525890458945256,WAIT,Below threshold
e4e58bab-abcb-43a8-ba22-e8ed5ac11a54,VH-8407,0.004708681117126291,WAIT,Below threshold
7c7c02e5-60e8-459a-b4a0-422d51e4f83c,VH-2515,0.008957606866433578,WAIT,Below threshold
ec635394-0917-4102-8837-4f970a6a0bbb,VH-8638,0.003219197410678643,WAIT,Below threshold
531dacd4-fed6-4048-8db2-44740c88a806,VH-4959,0.005406027146626858,WAIT,Below threshold
b5d0e6d9-1288-4876-bd46-8b09253cfb8f,VH-8507,0.9869603575350249,FIX,Expected cost: 4934.80 > fix cost: 1000
1e2e9800-1beb-4d0f-b39d-b19fa73e1718,VH-3467,0.9955613957266843,FIX,Expected cost: 4977.81 > fix cost: 1000
1ba841e7-ee06-43b1-8a17-0289f3df60de,VH-7645,0.9953751222244641,FIX,Expected cost: 4976.88 > fix cost: 1000
971ef8c8-2752-4bc1-8b28-a570cdef7e3d,VH-1948,0.9859767763433607,FIX,Expected cost: 4929.88 > fix cost: 1000
8ef99f90-72e3-4959-b204-f8df64e34663,VH-5275,0.9909253003745068,FIX,Expected cost: 4954.63 > fix cost: 1000
d1119a83-1551-4044-ab2f-6a77bbcda4ff,VH-9905,0.0058600385931451915,WAIT,Below threshold
42ee84b7-2f26-47a1-a9d0-98d3b43dfe0f,VH-8850,0.9926532199563584,FIX,Expected cost: 4963.27 > fix cost: 1000
245520eb-fc28-479e-bc9c-450cfa496b6b,VH-9946,0.9982308611344239,FIX,Expected cost: 4991.15 > fix cost: 1000
c657e438-8148-4b61-883b-a1c30c7393ef,VH-6227,0.004962649674717269,WAIT,Below threshold
700677cd-caa0-4d46-8682-4388fdd13711,VH-5302,0.989926006370638,FIX,Expected cost: 4949.63 > fix cost: 1000
a78faed9-dc2c-4b81-8034-dee7b730ac3b,VH-7158,0.003758801374373181,WAIT,Below threshold
b7834d6a-2d52-48aa-900d-dbd3f0325b0b,VH-4605,0.9885567882092803,FIX,Expected cost: 4942.78 > fix cost: 1000
c1fd2556-f587-4b94-a574-f08893a3575e,VH-1074,0.9965387879477787,FIX,Expected cost: 4982.69 > fix cost: 1000
d70ea166-0688-4d85-a2d8-fe77d851ad62,VH-7087,0.0033884676075570373,WAIT,Below threshold
d17e1e04-008f-4669-bd90-3ea9ed9ac520,VH-4465,0.024499729666241647,WAIT,Below threshold
9d6bfc48-dad7-4544-8fe0-1086ba3f9734,VH-5757,0.0063620375478179395,WAIT,Below threshold
6184d9ed-55f9-42a3-9e06-05ed53f0bca1,VH-3200,0.001959041576008244,WAIT,Below threshold
e93a1f4f-5eae-432d-894d-c9767058cf37,VH-2303,0.014400471307875199,WAIT,Below threshold
a4437aa0-a0ba-48c0-89e1-fc67d5e07834,VH-6238,0.9976992897846477,FIX,Expected cost: 4988.50 > fix cost: 1000
2284205b-facd-4d1b-aad2-9cfbc5955910,VH-1463,0.5725977576042426,FIX,Expected cost: 2862.99 > fix cost: 1000
b0aeacea-09a4-473c-a567-a7c09e328d24,VH-9896,0.9941531811430638,FIX,Expected cost: 4970.77 > fix cost: 1000
b67f0e01-64ad-43e5-825b-fb817198332d,VH-3052,0.003594841699049074,WAIT,Below threshold
0ce8ea0a-330c-4be6-8568-89bdaff4949a,VH-4575,0.004008497638777431,WAIT,Below threshold
3290c576-8eee-48f3-a74b-5bc67b6c409a,VH-3584,0.0017049485258866135,WAIT,Below threshold
d26029df-76d0-4a0e-89cb-83c97cb056d6,VH-7821,0.9962933376384557,FIX,Expected cost: 4981.47 > fix cost: 1000
89536108-fd65-4175-9cc9-b72cde8d27a9,VH-1074,0.0019552706404201477,WAIT,Below threshold
95caa728-dfac-4423-9255-1c18362b3c6d,VH-9351,0.9979175495396017,FIX,Expected cost: 4989.59 > fix cost: 1000
7766fe50-7a56-4e6a-9331-442604140e45,VH-3516,0.9987861259153151,FIX,Expected cost: 4993.93 > fix cost: 1000
26dc7946-6b48-48e3-80fc-0d5714f8e969,VH-4702,0.009231377041986405,WAIT,Below threshold
35f14955-68ee-49b4-8c85-a2a08906d5ce,VH-3777,0.0018970963199149945,WAIT,Below threshold
bab255cc-809f-401f-84c3-a26bf8c44510,VH-7020,0.0070415118701710865,WAIT,Below threshold
19fdebb1-5973-4af6-8cfc-b83fb390423c,VH-9517,0.9905913295973392,FIX,Expected cost: 4952.96 > fix cost: 1000
ef30e00d-ec50-4c91-9df9-d5073a6cf969,VH-4672,0.0012665907381611886,WAIT,Below threshold
048eecb9-bd1d-4819-8894-51691d93bf28,VH-4450,0.9958441172171897,FIX,Expected cost: 4979.22 > fix cost: 1000
aee82d55-5c6d-497f-af86-597517b94785,VH-9740,0.0060821506931282784,WAIT,Below threshold
71259aca-78e0-4b02-8516-824205c322a2,VH-5746,0.0006746064928317545,WAIT,Below threshold
72af7110-2a53-4376-8ae0-c876a7bfcf4b,VH-9254,0.9935159158258129,FIX,Expected cost: 4967.58 > fix cost: 1000
31697e74-7f0c-47c1-a106-e2b7cf119f83,VH-6120,0.9938511555826132,FIX,Expected cost: 4969.26 > fix cost: 1000
4f390478-c0aa-4110-9907-fd68dd168348,VH-4020,0.0013630676252126242,WAIT,Below threshold
b9f8a978-796b-4e57-8605-4d69cbac13ae,VH-1231,0.007491762330938923,WAIT,Below threshold
78124b9e-ea51-4ac6-8709-f2aea24e1f08,VH-7869,0.0006537286675705926,WAIT,Below threshold
375d9dfa-1af9-43ed-861b-e40adf3a3fce,VH-1624,0.9963894944587361,FIX,Expected cost: 4981.95 > fix cost: 1000
44484ad5-c49b-4aa6-bc8b-b1778b0d2dc4,VH-8382,0.006101171781096787,WAIT,Below threshold
5c2325f0-21b4-43a8-80f4-a9e1dc559769,VH-3565,0.0033563379326831773,WAIT,Below threshold
fc8ddf41-4fe7-4cfb-b62d-ec2e74019495,VH-4354,0.9985505477186115,FIX,Expected cost: 4992.75 > fix cost: 1000
ae4afed8-f436-4f09-a3b8-532a0d249da5,VH-9316,0.004362122442468391,WAIT,Below threshold
d680b2e3-681d-40ba-8194-28dc83362eb3,VH-5435,0.03341061694184444,WAIT,Below threshold
40482bfa-9d2a-49b1-a661-a068e40c0482,VH-8261,0.9956795317141371,FIX,Expected cost: 4978.40 > fix cost: 1000
a99b9996-24a7-4c70-9857-49395b63c1aa,VH-2135,0.005929737202973293,WAIT,Below threshold
082a27d6-6e1d-4bba-9cd6-bcfeebce8f21,VH-2324,0.007012188211045577,WAIT,Below threshold
3f7d1496-0bdd-49ff-9bb3-a166df67f584,VH-5041,0.0024692371149074134,WAIT,Below threshold
77416478-bdaf-4b25-9068-d546b90f7e4e,VH-2920,0.0006919255519465246,WAIT,Below threshold
29621805-7887-4171-82ca-0d0b92dec934,VH-5810,0.9917020855479659,FIX,Expected cost: 4958.51 > fix cost: 1000
9c6466d7-617d-4650-9248-3a998585d54a,VH-2496,0.0257680096953185,WAIT,Below threshold
a4815233-50af-45aa-9122-76f4b22af2d5,VH-7548,0.9927903095862423,FIX,Expected cost: 4963.95 > fix cost: 1000
e22153b8-675a-49cc-af73-ddcbe8bac514,VH-3026,0.9983687755639854,FIX,Expected cost: 4991.84 > fix cost: 1000
9faec9da-1346-4e60-8126-6d82a7b0ed66,VH-7159,0.005496915982728112,WAIT,Below threshold
91dc4091-5adc-4a88-8021-0d9efe77b777,VH-5909,0.988296225679088,FIX,Expected cost: 4941.48 > fix cost: 1000
88425615-c91b-4e48-90a0-6a82be5c428b,VH-2984,0.00708925976183109,WAIT,Below threshold
246a7821-5774-4ea8-bb93-2c4894013e8b,VH-2849,0.9938578568970283,FIX,Expected cost: 4969.29 > fix cost: 1000
223261a8-300a-42af-bd97-fb8ec427034e,VH-8539,0.9963021764257091,FIX,Expected cost: 4981.51 > fix cost: 1000
57dde9c1-bd7b-4c91-817b-0c6b8c710572,VH-6575,0.9934163039817764,FIX,Expected cost: 4967.08 > fix cost: 1000
35f1c459-74be-4fa1-b2df-de70b4884b6d,VH-2623,0.9924912051056388,FIX,Expected cost: 4962.46 > fix cost: 1000
10a3bd15-87a7-4910-8b6e-1e9a89356e49,VH-2148,0.007467824264121088,WAIT,Below threshold
aa55959e-b56b-4225-9343-81a2cc5fe20b,VH-4741,0.3975255427166338,FIX,Expected cost: 1987.63 > fix cost: 1000
5bbda7f1-d1ac-44d2-86e9-26e670244b5f,VH-7286,0.0038931038687389633,WAIT,Below threshold
c58805bf-a38d-4abc-abe0-df031b7b8460,VH-2713,0.9928205498394176,FIX,Expected cost: 4964.10 > fix cost: 1000
fd7e7552-a819-4c32-a47f-aa8077c425b7,VH-2343,0.9927593466980981,FIX,Expected cost: 4963.80 > fix cost: 1000
0e9285da-bb8d-4698-a8aa-6b47d4046e65,VH-5712,0.009921537107010301,WAIT,Below threshold
9f3da849-ad76-4293-888f-fe7f1788c49c,VH-9569,0.005978012845509453,WAIT,Below threshold
65374797-4e42-4581-8b35-2632ab4df537,VH-3062,0.00437024439204143,WAIT,Below threshold
0b513a8a-db77-42a3-9a7f-5e68eba7931c,VH-2098,0.0026575155249783213,WAIT,Below threshold
08ef4240-4c62-4306-ad24-0d296c757538,VH-9874,0.005613598739373926,WAIT,Below threshold
0b468664-0cb6-42bf-9a43-f96c117efbf7,VH-8153,0.9794840023929487,FIX,Expected cost: 4897.42 > fix cost: 1000
34597fd3-7c3a-4d0e-9385-903f5422b3ea,VH-2765,0.006440483221876663,WAIT,Below threshold
6d2a5469-5883-4c97-a11e-7ded857531e9,VH-6750,0.0036759774070378526,WAIT,Below threshold
6bd1ffde-e6fa-421f-a6c1-3c5997f2de93,VH-9655,0.996118538449694,FIX,Expected cost: 4980.59 > fix cost: 1000
7a2c9b15-a273-45cb-9ada-6b4cdceca6c0,VH-4221,0.005428671276827643,WAIT,Below threshold
e0c013b9-5895-4f42-8d0c-bf2e408020ec,VH-1262,0.002807488193734858,WAIT,Below threshold
467cb667-cf69-4f53-9ae3-314e2143c099,VH-9211,0.9883276138748303,FIX,Expected cost: 4941.64 > fix cost: 1000
8f2760dd-f709-4288-8221-0c171f289e07,VH-6183,0.7110368347916883,FIX,Expected cost: 3555.18 > fix cost: 1000
9f05cdfe-3c0e-4188-bc1d-6fdfe5473bb5,VH-7416,0.9895455318283451,FIX,Expected cost: 4947.73 > fix cost: 1000
5f3e6fd4-5146-41ef-b22b-f6323bd20525,VH-2690,0.006832799341705508,WAIT,Below threshold
a4229f94-b255-49a2-8b25-119e36b29606,VH-1989,0.9888475748358606,FIX,Expected cost: 4944.24 > fix cost: 1000
fc722ff7-8a5b-40c2-9e93-ebde355a6fff,VH-4754,0.9907547386296262,FIX,Expected cost: 4953.77 > fix cost: 1000
f68c9600-a7af-4774-a8f7-2d8f962154d4,VH-7283,0.9844515738717095,FIX,Expected cost: 4922.26 > fix cost: 1000
ba7c5de5-a35c-4e0c-8c2e-e3aa0b9f6b07,VH-4079,0.002449618919884121,WAIT,Below threshold
a83e4397-32a2-4334-80d3-fa77e902b31d,VH-2349,0.01560182713313044,WAIT,Below threshold
ae253032-04fc-4006-b648-4e434aadac37,VH-4095,0.995666107495015,FIX,Expected cost: 4978.33 > fix cost: 1000
eb7d4717-8569-4c62-bfb5-7abfeecda133,VH-3144,0.0047445942995516886,WAIT,Below threshold
2b26da80-8034-42ac-9ca8-808966667382,VH-6712,0.008727409258796535,WAIT,Below threshold
e0b57087-bd57-4912-a3f9-127748232c91,VH-9211,0.003750728015608876,WAIT,Below threshold
67b791e9-575b-4313-9570-790852dc690f,VH-2849,0.007781908436866132,WAIT,Below threshold
5b89f52c-67b7-45a1-9133-f790f1c6d0ec,VH-8646,0.1407682324069819,WAIT,Below threshold
d9c98247-462f-4f90-a2cf-d9319a65d9e8,VH-6298,0.9891373396957867,FIX,Expected cost: 4945.69 > fix cost: 1000
32d94f3d-0a3d-40f4-97d5-e564c5542d48,VH-4081,0.9965880115172446,FIX,Expected cost: 4982.94 > fix cost: 1000
0bd579d3-a703-4ee9-b3f9-cac21377920f,VH-5447,0.01719125059021712,WAIT,Below threshold
1f2c85bd-92fc-44b4-8c2f-4e66c2a52db4,VH-7861,0.992626713145288,FIX,Expected cost: 4963.13 > fix cost: 1000
40f7bc33-9fce-41e3-9a30-94d76a379c8f,VH-3282,0.002549408545427189,WAIT,Below threshold
54fd856f-6025-4d58-b7da-918f579076e0,VH-8388,0.992259660049308,FIX,Expected cost: 4961.30 > fix cost: 1000
8eafd6ea-b278-4810-b7f1-02f84fa8a2ed,VH-4732,0.987335727421168,FIX,Expected cost: 4936.68 > fix cost: 1000
731b1d7d-4941-4278-8c65-63f9c2884ac8,VH-7116,0.9522888130638691,FIX,Expected cost: 4761.44 > fix cost: 1000
dc591ea4-b619-4c80-90d9-fddcbbc16652,VH-5000,0.0036668897151082105,WAIT,Below threshold
ef9f3653-ef99-49df-a078-0c524c0a4161,VH-9959,0.988858357489067,FIX,Expected cost: 4944.29 > fix cost: 1000
29bb9245-3d6e-4707-83df-5eea0f89107d,VH-7437,0.9926769617709329,FIX,Expected cost: 4963.38 > fix cost: 1000
e6664547-16ae-41dd-921e-d83e0d556c7e,VH-4057,0.006579226636255295,WAIT,Below threshold
4c2b5d31-2db5-4387-8f83-86219841bd15,VH-7151,0.9961138328695932,FIX,Expected cost: 4980.57 > fix cost: 1000
10c970ca-c40d-4528-b6ac-6f63d447299e,VH-7422,0.0018200922736386863,WAIT,Below threshold
35d5813b-5b2f-48a0-afd1-5b061abb9cde,VH-8443,0.0016676148875869586,WAIT,Below threshold
2b362e1f-fb13-49ef-b441-c9c238c6f729,VH-1630,0.993158551830629,FIX,Expected cost: 4965.79 > fix cost: 1000
5808ea9f-84fe-4e1e-a024-71296679c1c1,VH-6072,0.004701991187278637,WAIT,Below threshold
12d74f7a-215b-4aac-9741-e0ac0d0448dd,VH-8547,0.9974954667991477,FIX,Expected cost: 4987.48 > fix cost: 1000
924c66dc-7443-4cc0-b3be-89dbdb2d6fba,VH-8761,0.96763706006166,FIX,Expected cost: 4838.19 > fix cost: 1000
e656d7f0-eb21-45ca-a622-40e08ce6d716,VH-6273,0.0025741791592406352,WAIT,Below threshold
d7991e2b-9726-4669-b209-6abb0137adcc,VH-5170,0.9978678344270132,FIX,Expected cost: 4989.34 > fix cost: 1000
42c20c5b-5b5b-4439-9b16-df5d9a39ec8b,VH-9840,0.992995985086575,FIX,Expected cost: 4964.98 > fix cost: 1000
c7e76fba-90b0-4e49-979a-f09aef713e26,VH-6686,0.9999535208278811,FIX,Expected cost: 4999.77 > fix cost: 1000
c1bcb913-f3e6-429d-8446-874402dd0d78,VH-1913,0.002621788544677012,WAIT,Below threshold
b7a5b8b2-59bc-4500-9e40-dc83c8957a0a,VH-4592,0.9898689675509431,FIX,Expected cost: 4949.34 > fix cost: 1000
f72dbb5a-c434-45b6-b8db-d917d8f42b1f,VH-2958,0.9817377806243867,FIX,Expected cost: 4908.69 > fix cost: 1000
c3063887-72be-4d95-bb9c-76a0b1f4e89c,VH-9265,0.001681606265727116,WAIT,Below threshold
6e323904-820e-4c1b-9d3a-45c9af7ca579,VH-3342,0.00887946953306952,WAIT,Below threshold
b105fc1f-3113-446b-b788-81d943d38e42,VH-7526,0.9959518597964294,FIX,Expected cost: 4979.76 > fix cost: 1000
8bf04c2a-741a-487c-ab38-1f0e1d9bd8a9,VH-8806,0.006652665464951326,WAIT,Below threshold
9f92d1dc-6198-4f59-a0a7-ba106fbd968e,VH-4511,0.9697216650046829,FIX,Expected cost: 4848.61 > fix cost: 1000
2c806e1f-9dbf-45b2-acf0-50183966949c,VH-5479,0.9968426964529479,FIX,Expected cost: 4984.21 > fix cost: 1000
2c12125b-aefd-4934-a381-e57606bb68a4,VH-6537,0.010303858340444215,WAIT,Below threshold
70d0e0e5-bcf0-44c3-b9e0-bb52bebd7e60,VH-4751,0.010251106669986609,WAIT,Below threshold
3ef9ff87-0386-4cac-953b-53e11bde7a42,VH-3104,0.002137843387791231,WAIT,Below threshold
9d444fef-7aa6-4a1b-8f96-9738ca982ff7,VH-8936,0.9672412051400777,FIX,Expected cost: 4836.21 > fix cost: 1000
09152cc6-dbec-4e3b-ab93-43abb8460dbd,VH-9561,0.002450782825455403,WAIT,Below threshold
e8cdd985-a0b7-4e81-b4a9-e3c4f5d9b942,VH-2068,0.9958487202271689,FIX,Expected cost: 4979.24 > fix cost: 1000
d4342ea9-da6f-4615-ac67-4d9f50021ba4,VH-1481,0.00536414002963372,WAIT,Below threshold
c403c2b9-d2e6-4632-acb7-2635bc462835,VH-5046,0.0032032928652319624,WAIT,Below threshold
cc23aee9-f356-4f90-a091-7c0ec05e7fa7,VH-1017,0.004768777718852459,WAIT,Below threshold
2e5a9606-d887-4dc5-b9d1-dca285016eb2,VH-6326,0.003343723085250846,WAIT,Below threshold
d5a688b6-3777-42ec-97ee-e2b3531a6c91,VH-7777,0.0035929325138581306,WAIT,Below threshold
f20ce4d4-18eb-4c1c-ae9d-5f4234898b3b,VH-9852,0.9887482244343012,FIX,Expected cost: 4943.74 > fix cost: 1000
0cf63dcd-e69c-4c00-aa2a-0221b380cb4f,VH-6864,0.01115630228953774,WAIT,Below threshold
194c6ec6-7be1-4662-808f-539ebb9cc488,VH-6640,0.0031382034256529014,WAIT,Below threshold
c050e5d2-48c3-49d5-af26-3d988232719f,VH-9659,0.9927887160245447,FIX,Expected cost: 4963.94 > fix cost: 1000
23aa09bd-01b1-4fd0-a645-0953c1b6a6ec,VH-9584,0.9919325918448216,FIX,Expected cost: 4959.66 > fix cost: 1000
b6b07741-a3d6-4f7d-9d0d-89ddf146b39d,VH-3165,0.9988070097694647,FIX,Expected cost: 4994.04 > fix cost: 1000
d9c93211-27e1-48e6-bc97-f1e7134a06eb,VH-7388,0.9952975225108825,FIX,Expected cost: 4976.49 > fix cost: 1000
3bf32696-2020-4131-8504-45c92b6d51c0,VH-2572,0.0009698769569689886,WAIT,Below threshold
1a137dc2-b07b-442a-9d6a-9d9bb11a1b84,VH-6552,0.00296577652996953,WAIT,Below threshold
873439b8-88a7-48ac-b007-5ac402e6241c,VH-9487,0.9871848990138569,FIX,Expected cost: 4935.92 > fix cost: 1000
fd33afa0-3916-409f-9028-53790158e3ac,VH-2918,0.0027396790888849537,WAIT,Below threshold
ccf1f948-27bf-4f73-9422-fdcb7324751c,VH-9781,0.021258006087226344,WAIT,Below threshold
f1d970a2-b343-483c-a742-fd0b10e84043,VH-8973,0.9978789932602873,FIX,Expected cost: 4989.39 > fix cost: 1000
db32b778-be71-47b0-a36d-97cb09434768,VH-2417,0.006320359498189391,WAIT,Below threshold
5e2f814a-4095-4e32-b682-c7c5fb8e83de,VH-1986,0.004737292262595304,WAIT,Below threshold
76379ce3-2e20-4653-a7a9-75164970353b,VH-5122,0.009869458699028796,WAIT,Below threshold
989216dc-44a9-4462-8bb1-8c8da966da28,VH-4872,0.0034357400426987777,WAIT,Below threshold
dae29c73-b8b2-4f90-8dc5-155d06c0bf7d,VH-6182,0.0011187975025748408,WAIT,Below threshold
a43337af-1595-45fa-9797-ffe29032eeac,VH-3558,0.9922927026800676,FIX,Expected cost: 4961.46 > fix cost: 1000
bab30845-d98f-4fc1-b433-728bd38355b4,VH-3765,0.004320800202633998,WAIT,Below threshold
db916242-94a3-4b37-82ff-2d674090d442,VH-1204,0.9915941075937873,FIX,Expected cost: 4957.97 > fix cost: 1000
01e3288f-f57b-402a-9e7f-28f5967fa762,VH-5548,0.9948695086768649,FIX,Expected cost: 4974.35 > fix cost: 1000
a910cf0c-87ed-4b05-93de-39ff9b9af5eb,VH-7635,0.9930995361041446,FIX,Expected cost: 4965.50 > fix cost: 1000
0919995a-e2f3-4049-a501-d027bfae75c1,VH-7633,0.01646260042582011,WAIT,Below threshold
0de5a7bc-9462-42cc-8003-74a4394ab7b2,VH-7246,0.012024980664426093,WAIT,Below threshold
7942bf53-af7a-45c0-99a3-54def63a7ab0,VH-8018,0.003198140979876654,WAIT,Below threshold
e463562c-6732-4b9c-975f-0c403765f881,VH-4242,0.003916011819505994,WAIT,Below threshold
aad7a95f-8856-4047-893a-b2b55ebcf32a,VH-6360,0.004924815012583972,WAIT,Below threshold
e3566467-b172-4dcf-968b-0966c07aeb6a,VH-8997,0.003705686264371308,WAIT,Below threshold
9d8008c8-843e-46a9-b798-76d0b6f0b16d,VH-5322,0.001958130969926515,WAIT,Below threshold
1f29456b-ac5d-4ab3-a2fc-3b58e88b73aa,VH-8251,0.9882436663062272,FIX,Expected cost: 4941.22 > fix cost: 1000
985c5b1d-4d57-4fcf-9164-5b04fa0a8c6b,VH-1253,0.9965243871477789,FIX,Expected cost: 4982.62 > fix cost: 1000
85f09868-0c12-4ab9-be55-1a265a22b531,VH-5850,0.0020561576455454126,WAIT,Below threshold
10ea09e9-9339-4737-b78a-f260bfa0e573,VH-6538,0.9795737763784594,FIX,Expected cost: 4897.87 > fix cost: 1000
7b20ebaf-5ce2-4c77-bf05-127e7030d30d,VH-5097,0.9978759348639111,FIX,Expected cost: 4989.38 > fix cost: 1000
ff28b3dd-7ecf-4c47-9b61-53e777baed31,VH-2149,0.012490717364527129,WAIT,Below threshold
dfc9be83-cd05-46dc-b639-6279398ca22b,VH-1709,0.9946495921342086,FIX,Expected cost: 4973.25 > fix cost: 1000
cf26a6ba-5303-44e5-ba26-1f4cd943fa7c,VH-3365,0.9760222052780154,FIX,Expected cost: 4880.11 > fix cost: 1000
d37dfdcb-42ee-479d-930f-3b9e97530209,VH-5367,0.9917264976287038,FIX,Expected cost: 4958.63 > fix cost: 1000
4fbec4ad-7bae-4102-ab50-b36c6b2dabdc,VH-2489,0.002432227293365264,WAIT,Below threshold
d0a3706a-c344-46a9-a819-dfbb0e6861fe,VH-1665,0.9974468762003418,FIX,Expected cost: 4987.23 > fix cost: 1000
f702bc8f-d92f-4876-8681-2afb7873b4e2,VH-3015,0.0011018409046003774,WAIT,Below threshold
9c8f6690-7e6f-4ea7-94ad-bda52f515afd,VH-6113,0.011119135815686139,WAIT,Below threshold
4112e9b2-702b-4acd-acb1-eabdb39fb708,VH-5758,0.002034143557197436,WAIT,Below threshold
b9bdc612-635a-4c6e-aa44-bb19025dbeb7,VH-5544,0.026062238195992456,WAIT,Below threshold
0c951d95-6193-4dc9-a798-a80cf3e7355f,VH-1764,0.012176814346280049,WAIT,Below threshold
f86847ad-99fd-46fa-8ad3-8b2ff0553a1b,VH-7399,0.0021191771665608297,WAIT,Below threshold
42cd4668-9f77-44e9-aa51-2e986f7d7f14,VH-5275,0.0022263282384571595,WAIT,Below threshold
c3c86997-e409-4ca8-a626-6fccfc5a83a0,VH-5717,0.00331278511693907,WAIT,Below threshold
b6f8bcd2-7c7e-4cfc-8984-c17bc7647cbb,VH-8933,0.002977461711089874,WAIT,Below threshold
300b6f2c-c178-4f59-b046-8a025349c25a,VH-4534,0.002835285837511933,WAIT,Below threshold
1dad062c-e581-423c-bef7-e1de6354a656,VH-7224,0.004458820312686826,WAIT,Below threshold
cf2cf423-5243-4ab5-babd-4507676af226,VH-1843,0.004535913420555254,WAIT,Below threshold
5c13f608-2a8e-4ecf-90a7-afc06ce99e8e,VH-9921,0.8908598201147696,FIX,Expected cost: 4454.30 > fix cost: 1000
41cd691d-6495-400a-8ad5-bd6e6e9af935,VH-3151,0.003024443648708793,WAIT,Below threshold
b11c1f88-2937-444a-bf21-e8b03a7f1551,VH-1679,0.987665796325178,FIX,Expected cost: 4938.33 > fix cost: 1000
f42f06fe-4909-4638-b237-8193b5f87bfc,VH-7825,0.008543885516779235,WAIT,Below threshold
d08d7ffe-e07f-4794-b97a-e595caec2d98,VH-8854,0.9976814359693227,FIX,Expected cost: 4988.41 > fix cost: 1000
d17fcd41-0399-4c8d-954a-0861de889396,VH-9147,0.9889815907230305,FIX,Expected cost: 4944.91 > fix cost: 1000
dbc68033-5c10-42af-b24b-3680123a3b12,VH-7220,0.003307304079937306,WAIT,Below threshold
3e67b390-84e2-4e31-8ab7-3b91a082f83c,VH-8256,0.9913254875501875,FIX,Expected cost: 4956.63 > fix cost: 1000
3ead002c-f02a-4f8a-aa9a-6155e584d046,VH-9218,0.9846440126024982,FIX,Expected cost: 4923.22 > fix cost: 1000
bf39fb80-6b4d-4026-8971-b416b9b012a2,VH-9778,0.19411120432712217,WAIT,Below threshold
89ee4c95-9b9a-4319-8b22-a3319dc79673,VH-9964,0.9916211138461632,FIX,Expected cost: 4958.11 > fix cost: 1000
0f88b62f-db04-4cff-856a-2cc097736bb4,VH-3541,0.0025317285353381124,WAIT,Below threshold
08d95328-67fd-4036-9656-b419c1ea606d,VH-8365,0.9943345043941553,FIX,Expected cost: 4971.67 > fix cost: 1000
e49bae35-28fc-4e22-9300-7a318b4799d1,VH-6070,0.007002068407281728,WAIT,Below threshold
ecc86608-b192-46b3-93a3-5922bedc1e0e,VH-2017,0.9938285627016782,FIX,Expected cost: 4969.14 > fix cost: 1000
f028dac2-6d72-45f2-a478-7577d9c6effe,VH-3118,0.9886313724532333,FIX,Expected cost: 4943.16 > fix cost: 1000
bfaf8b65-0934-42ae-ac15-d14006528750,VH-8115,0.0046439996099390335,WAIT,Below threshold
60fc2f23-8dc8-4692-8019-d0a4245e91ad,VH-2662,0.9977735786993069,FIX,Expected cost: 4988.87 > fix cost: 1000
030d50df-ae4d-4545-8ef9-214a11f8e3ec,VH-3333,0.9978028420578952,FIX,Expected cost: 4989.01 > fix cost: 1000
e77331b9-7b1a-44a5-b1ed-d3f430ca0531,VH-9896,0.9947280654169879,FIX,Expected cost: 4973.64 > fix cost: 1000
5a724ce3-52ca-4419-bd51-fb421015135c,VH-1821,0.005381703661641296,WAIT,Below threshold
b45aa9bf-7fec-4606-8cf8-c1f2483e3d9f,VH-2064,0.0011747339528320592,WAIT,Below threshold
a0a33bca-83c3-489e-9df5-e8c9a947b693,VH-7024,0.006043165233336417,WAIT,Below threshold
2705242d-7006-4a1e-b82f-3e5e6e136720,VH-7607,0.016151105030837918,WAIT,Below threshold
f2ee27e5-3131-4544-9c11-1169ce52ad0f,VH-3401,0.004149160395059266,WAIT,Below threshold
afa33f51-a364-4a29-b90c-589b06263b62,VH-4290,0.0013986365676122055,WAIT,Below threshold
72c410ba-b24f-43aa-95ed-4ec4287814fd,VH-1380,0.0009794219150515322,WAIT,Below threshold
450b59ef-dee7-42ea-9d9a-814e99785a67,VH-6766,0.992536467989804,FIX,Expected cost: 4962.68 > fix cost: 1000
ed8d4209-332b-4827-923f-fb156663083c,VH-8185,0.9946157445515275,FIX,Expected cost: 4973.08 > fix cost: 1000
9be51eee-aaf4-4aeb-a1f1-eadb4d9805bc,VH-2494,0.0019079760796828023,WAIT,Below threshold
324c0d78-fbbc-4a63-8815-de2559fa20ef,VH-6948,0.9924462904782995,FIX,Expected cost: 4962.23 > fix cost: 1000
fc16e32d-acd9-45b5-9414-ed280ccf4c37,VH-2715,0.7982865773661867,FIX,Expected cost: 3991.43 > fix cost: 1000
09ca9a32-bfb0-4023-b603-517445239198,VH-3590,0.8082040396697168,FIX,Expected cost: 4041.02 > fix cost: 1000
964f30e3-b559-4fad-8a08-0865acea0ed5,VH-1872,0.987860726153897,FIX,Expected cost: 4939.30 > fix cost: 1000
398117d1-b523-4866-8b31-b403fef60a2e,VH-2158,0.013944361368999769,WAIT,Below threshold
19c2f1f8-64fb-49f4-9fcf-22a1297364a8,VH-1101,0.002553676413657833,WAIT,Below threshold
82b227a2-0f9d-43a0-bd22-743d95854215,VH-7570,0.002192600176711172,WAIT,Below threshold
a9016bb4-d7a3-4dbb-9367-bf4745a17f25,VH-6369,0.9940356245945862,FIX,Expected cost: 4970.18 > fix cost: 1000
0805550b-c73c-4859-9332-bfcc55b39bca,VH-5321,0.9970398182531749,FIX,Expected cost: 4985.20 > fix cost: 1000
883cd6df-6369-492e-8461-eab73436bae0,VH-4543,0.2902288556111201,FIX,Expected cost: 1451.14 > fix cost: 1000
82b0daf5-56e6-43ae-b180-2892c6ccebd8,VH-4671,0.009585395019871878,WAIT,Below threshold
6bffee69-3b4b-4daa-afa2-03261f40637a,VH-7018,0.9939987811532507,FIX,Expected cost: 4969.99 > fix cost: 1000
d5943d40-d084-480b-b5f1-ded6e1547786,VH-6933,0.00877693668564603,WAIT,Below threshold
e51af1a7-4936-487c-b838-eaf1b4577cd6,VH-7599,0.008027081789952905,WAIT,Below threshold
fcb67631-bec4-4aa4-b74d-17fe8e00918a,VH-3489,0.006734462184728046,WAIT,Below threshold
3bfa3560-a9df-460e-89fd-f1446e49d84c,VH-9806,0.0031864146333420414,WAIT,Below threshold
5e47f53b-9acc-49ce-9f9b-5dbcb2577318,VH-3960,0.0020019245422250066,WAIT,Below threshold
15f186ad-2ca0-4c89-aed9-5064c59ddd74,VH-6634,0.9799958074380913,FIX,Expected cost: 4899.98 > fix cost: 1000
35290abe-0ae7-4bf3-99b0-c8006f054251,VH-2721,0.0019087648268542514,WAIT,Below threshold
d9ee71b6-2f88-4983-80fe-2195ced56fb3,VH-6039,0.004291574074404366,WAIT,Below threshold
7463b7ec-f78c-4469-8f47-79a95b4e4458,VH-2364,0.010070893073810126,WAIT,Below threshold
838f4a70-aafe-4085-8344-5a42927935d7,VH-7761,0.9937653253315115,FIX,Expected cost: 4968.83 > fix cost: 1000
7ad46912-22a7-451b-a667-b75930106041,VH-8982,0.9980792163485429,FIX,Expected cost: 4990.40 > fix cost: 1000
dd609575-2072-4e8a-ab1c-3c8bae9f3b4b,VH-4118,0.0029222660526440217,WAIT,Below threshold
f1f5bb21-1aab-419a-92fa-3b606dffc740,VH-9638,0.002322013625573748,WAIT,Below threshold
2e2d44c4-bb62-44f1-88af-df67303f4fc6,VH-3007,0.007012873060926425,WAIT,Below threshold
afce2fde-99ac-4eb2-9010-b22b311c8f85,VH-6951,0.002812506128297028,WAIT,Below threshold
196db93b-88e4-4c2c-83ad-aa3c898faea2,VH-5024,0.581425376020345,FIX,Expected cost: 2907.13 > fix cost: 1000
e1bac3f3-4b5a-4a95-bad7-74bf12ceffcb,VH-7725,0.0008291474010356578,WAIT,Below threshold
ffaf5b11-64b7-42da-93fa-8d7eb19c4f86,VH-1888,0.0011264061586553882,WAIT,Below threshold
8203eca4-c594-4892-bc93-7002823d164e,VH-8816,0.4730077363259021,FIX,Expected cost: 2365.04 > fix cost: 1000
d557f4c0-9a69-4b8c-af96-db8c6f6aaee3,VH-3803,0.004149395740852199,WAIT,Below threshold
2fd1563d-d2b8-48f9-8c9e-384fe7f93996,VH-9642,0.9904788522866609,FIX,Expected cost: 4952.39 > fix cost: 1000
da7651d1-f7ad-45e8-865a-18dac08fea59,VH-6397,0.0053596687477182135,WAIT,Below threshold
2bdda0ee-9684-4894-8740-d5d60a0ee7ad,VH-9418,0.012474384310398203,WAIT,Below threshold
c883c8cb-9deb-4c87-9f4c-1a6cd2cc84e0,VH-4023,0.9942323373055575,FIX,Expected cost: 4971.16 > fix cost: 1000
dc393237-cd09-48f0-ae82-e28767532cdb,VH-4468,0.001194427577764387,WAIT,Below threshold
27aa924e-e123-420c-9627-46f386ad9139,VH-2129,0.004461210356272748,WAIT,Below threshold
48770641-e7ee-4ec2-900b-b67c1f2de330,VH-5055,0.9979317095190803,FIX,Expected cost: 4989.66 > fix cost: 1000
86bcf319-5f56-4bb3-8c5d-1b12404063c8,VH-9664,0.005282800264426242,WAIT,Below threshold
601c8d46-c2de-4afa-9820-e56a110c8252,VH-4045,0.008669436504623556,WAIT,Below threshold
70edb3c5-3915-4937-a247-984f21a51f64,VH-3283,0.00716260703661541,WAIT,Below threshold
04b6fdcc-0b17-45d5-aea0-35ac588307b9,VH-8466,0.9970708479414888,FIX,Expected cost: 4985.35 > fix cost: 1000
d24d613b-7ad6-4531-b9e1-9b32fe13ba1c,VH-4514,0.1973555301485376,WAIT,Below threshold
970c6871-de5d-4af8-abfe-28fa6e120cb5,VH-5924,0.0060753336839236656,WAIT,Below threshold
0bc881b8-d9d8-4bbd-8dec-8c3d1ce61127,VH-7728,0.004882663091745735,WAIT,Below threshold
e0172da2-4cd2-4fc0-8c73-9b766762e2b0,VH-6646,0.9932724901591854,FIX,Expected cost: 4966.36 > fix cost: 1000
3d1febdf-d24b-411e-9a02-72016b7635fe,VH-3393,0.0017318682219197713,WAIT,Below threshold
ec8c6ea0-f3ed-430e-bbb0-7b1c143ba187,VH-7491,0.7596254894228258,FIX,Expected cost: 3798.13 > fix cost: 1000
86990d54-70ba-46b0-8f6c-efd7140b8eed,VH-9078,0.9948703275368804,FIX,Expected cost: 4974.35 > fix cost: 1000
8db72b6f-ae78-49d8-94d2-d2bfdf9200b0,VH-4553,0.007347494255170362,WAIT,Below threshold
2b12c9c5-5d07-4a0b-bbc3-5a1f0b63304d,VH-7109,0.0009136580380391693,WAIT,Below threshold
45db45a8-d308-4453-a409-f7065feae9f2,VH-9507,0.9920630357356622,FIX,Expected cost: 4960.32 > fix cost: 1000
f27c54d8-ffc6-41e8-9b95-cf433854108a,VH-7764,0.9921686580980682,FIX,Expected cost: 4960.84 > fix cost: 1000
7bcd49bd-e792-4a2c-9d22-9ebf6fabf160,VH-9915,0.9988615743196552,FIX,Expected cost: 4994.31 > fix cost: 1000
988effff-f722-434f-9302-48a263ebfdc0,VH-1025,0.009335817484104492,WAIT,Below threshold
b2cd652a-a399-4129-951a-1a0640242574,VH-7235,0.1953030758968164,WAIT,Below threshold
5a8d9c2f-9db4-448c-93ab-adfe50b8d345,VH-5979,0.9964687896679749,FIX,Expected cost: 4982.34 > fix cost: 1000
ab2c904b-c86c-4e85-9c53-7a603a36c52c,VH-9663,0.9971032281233281,FIX,Expected cost: 4985.52 > fix cost: 1000
4f7b3bf9-a560-40d8-835e-e90f155cc51f,VH-6467,0.005971097096876213,WAIT,Below threshold
ce40f0c0-9e49-43c2-80fd-e7b37f3cca69,VH-8317,0.9897657845496377,FIX,Expected cost: 4948.83 > fix cost: 1000
5f77e39b-13ac-4f8d-a562-ad3995428d52,VH-6095,0.9989866769138916,FIX,Expected cost: 4994.93 > fix cost: 1000
07232e41-6ecf-4bfa-9e59-6a2a8df352cb,VH-5034,0.9939577337278587,FIX,Expected cost: 4969.79 > fix cost: 1000
877e509a-eaa8-4939-a514-b0fb6b3b1db8,VH-1267,0.9952482619446871,FIX,Expected cost: 4976.24 > fix cost: 1000
4782d4d3-fe1b-4145-9dd1-21ba89e66abf,VH-9461,0.004881682125623312,WAIT,Below threshold
3fc475da-a738-4a47-afc3-6c6cf2031b9d,VH-1688,0.004663178611218814,WAIT,Below threshold
d639d741-e3f3-4a0a-a753-7ce5e53b3308,VH-1664,0.009988003753561918,WAIT,Below threshold
8de4dfc0-df26-4203-ad9c-cf3c87e8ffa9,VH-4816,0.9932573596739971,FIX,Expected cost: 4966.29 > fix cost: 1000
7b798951-8585-4265-aafa-08755b22b6cd,VH-3974,0.7195357342193573,FIX,Expected cost: 3597.68 > fix cost: 1000
5f7e0307-931d-43a3-b16f-aff7d52d6451,VH-2387,0.2838330765372601,FIX,Expected cost: 1419.17 > fix cost: 1000
f88e0453-0be0-419d-adcb-fc733f28eeae,VH-3374,0.01591910635404929,WAIT,Below threshold
31b10606-2050-4f5c-be48-e38df723664f,VH-1689,0.004425402390890544,WAIT,Below threshold
e1b58a9c-358f-4c94-b8b3-cd58366e494f,VH-4043,0.0022020641855798953,WAIT,Below threshold
d34a63f6-6b8a-4362-a21e-c4e40782515f,VH-8325,0.9975993370851927,FIX,Expected cost: 4988.00 > fix cost: 1000
b10f8dbd-8b1b-4d42-8be5-3200926bea3c,VH-4257,0.9999803865807587,FIX,Expected cost: 4999.90 > fix cost: 1000
841a6cbd-3af4-4c1f-8cd9-f42f72e85b3d,VH-6645,0.006229158415875507,WAIT,Below threshold
79adfbd8-09ea-4bcc-9fda-db007dfe7873,VH-8516,0.002990426711578887,WAIT,Below threshold
1d924483-6534-4487-b5dc-126266506736,VH-9286,0.9961869301388855,FIX,Expected cost: 4980.93 > fix cost: 1000
5306765d-4599-487d-a354-092b9245eaa5,VH-5354,0.9940298835580306,FIX,Expected cost: 4970.15 > fix cost: 1000
f021e981-b954-4021-9416-205e51849460,VH-5183,0.01353417989292422,WAIT,Below threshold
d9316962-cf86-4e2b-ac6a-eb10a6df4146,VH-4356,0.006725432262476586,WAIT,Below threshold
2e31feeb-33ff-42ed-8079-1e3bd80a79d8,VH-7319,0.0055078768478899675,WAIT,Below threshold
781c08f6-bac9-40aa-b30e-ba57341f5fc3,VH-8177,0.9917330772224797,FIX,Expected cost: 4958.67 > fix cost: 1000
57532d48-b250-4a0b-88fc-d7fd71d806c8,VH-9914,0.002598170152784703,WAIT,Below threshold
b98e3eed-63d9-4c01-8c18-0206fcb563b0,VH-3049,0.9936238426781909,FIX,Expected cost: 4968.12 > fix cost: 1000
d739190b-04c9-426c-a655-3d7e608a26ee,VH-2122,0.003780025345354801,WAIT,Below threshold
d39c9a18-3b0f-480e-82ce-592e7549ae19,VH-8179,0.9967036126349625,FIX,Expected cost: 4983.52 > fix cost: 1000
96192ab5-c125-4c32-8d67-24d800ba7da3,VH-2605,0.9929352866325225,FIX,Expected cost: 4964.68 > fix cost: 1000
8f76641a-1cbd-4415-b724-944fd9c49d03,VH-9174,0.003070389756176762,WAIT,Below threshold
14422882-25ea-4c5e-90f6-1d52b3e535ec,VH-1758,0.9779190357652673,FIX,Expected cost: 4889.60 > fix cost: 1000
4be7686a-5980-4abe-8a6c-80b1b6de5962,VH-7658,0.9999871022102231,FIX,Expected cost: 4999.94 > fix cost: 1000
8f4ccc7f-62c6-4557-bcf3-0d953b153840,VH-6233,0.9937416792135125,FIX,Expected cost: 4968.71 > fix cost: 1000
0c241075-90c7-4a3a-9277-c35214effee7,VH-2966,0.9999827777143987,FIX,Expected cost: 4999.91 > fix cost: 1000
5ab19faf-5a58-4d8b-bc78-a62ce5f6e280,VH-7409,0.004122620030046693,WAIT,Below threshold
32010df6-dffd-4ffe-9a83-5cc1736c07e0,VH-1315,0.011322121475880905,WAIT,Below threshold
abc804c0-ea6a-435d-9901-69ac4d1de1f0,VH-7343,0.9942125070170974,FIX,Expected cost: 4971.06 > fix cost: 1000
a883d0cb-992b-42b7-99a4-70719252fd87,VH-9124,0.002813566018062535,WAIT,Below threshold
167cd2d5-3814-4cbe-901b-cfd52404ae8e,VH-2546,0.006357425914112057,WAIT,Below threshold
65f06574-4e4b-4679-b7af-12d8360c2d06,VH-3150,0.9955863920311564,FIX,Expected cost: 4977.93 > fix cost: 1000
d50e7147-869b-4477-b160-e705b2eeacb6,VH-4199,0.9871005536465297,FIX,Expected cost: 4935.50 > fix cost: 1000
a5c945c7-33f9-4f78-9a8b-ffdba0304b3d,VH-7902,0.005583229352745216,WAIT,Below threshold
5cf6aa9f-99f8-4c66-9f65-fa2ead18e35d,VH-9142,0.01057952633851545,WAIT,Below threshold
c7405d44-3b6e-4829-8040-8623bd83bb24,VH-4729,0.002984645617270151,WAIT,Below threshold
4f9199df-2638-41a9-9b78-155c7ebbbddb,VH-4537,0.004755482740919697,WAIT,Below threshold
0dbf8b15-b45d-486d-9957-2b6bdccffdae,VH-1788,0.0006168249726464567,WAIT,Below threshold
8a292510-c143-40c4-93fd-f891402b69be,VH-2217,0.002140505994562496,WAIT,Below threshold
7f530524-5986-4e72-b45e-03e5aaaebf3c,VH-2717,0.9929191482466415,FIX,Expected cost: 4964.60 > fix cost: 1000
b52a584f-8ac9-4b18-8a26-4b3e8bef64ed,VH-7301,0.00360972202526806,WAIT,Below threshold
e9a76bc9-c67d-41cb-932c-7403b85f13c5,VH-6777,0.9909304653989547,FIX,Expected cost: 4954.65 > fix cost: 1000
e96011f5-7d9e-4ada-bf7e-70fec47c8a54,VH-3522,0.0027440380431462833,WAIT,Below threshold
a449f1b8-b477-4894-afbb-ca7224fe6947,VH-6913,0.006768858222307969,WAIT,Below threshold
543855dd-89ca-4f98-8df3-2f61923e9464,VH-7905,0.009428319893620151,WAIT,Below threshold
8a64eb8b-5990-42fd-8f7b-f932098e2339,VH-8064,0.0020904672845558697,WAIT,Below threshold
942be26f-b4fb-42c9-b303-d39e274e9b73,VH-5579,0.9999903961791752,FIX,Expected cost: 4999.95 > fix cost: 1000
c454636a-d3f1-4ff9-a5b7-08779a50aad2,VH-7496,0.006293016094615251,WAIT,Below threshold
34a6907b-4869-4e59-bdfb-3c9d8f8a5b0e,VH-1441,0.9971228054566942,FIX,Expected cost: 4985.61 > fix cost: 1000
303e1d7f-9e5d-45bd-9266-829d440317f2,VH-6348,0.9978868113599184,FIX,Expected cost: 4989.43 > fix cost: 1000
eaa6998e-44c5-4c05-8dd0-380dc1410ee4,VH-4719,0.006445154220503249,WAIT,Below threshold
c1a394b2-fcb0-45b6-a3b4-93e2b222afdc,VH-8558,0.9944071627695096,FIX,Expected cost: 4972.04 > fix cost: 1000
1b58f98a-5c88-4d92-a5d3-06218021fcbd,VH-5962,0.9973964178853383,FIX,Expected cost: 4986.98 > fix cost: 1000
0d09730f-863b-4ad3-b169-e63cf4ac0f79,VH-9611,0.00699160385771422,WAIT,Below threshold
b698320f-7a83-4c11-80c9-26b30886d2a7,VH-9216,0.007361625457864386,WAIT,Below threshold
9d441326-7398-4410-8918-13c088f6e4e7,VH-5673,0.0029184681034658184,WAIT,Below threshold
00ce68ac-8a91-417c-ae8b-cab7bdef8f85,VH-6084,0.0015841563955374678,WAIT,Below threshold
95e2c0e6-a7aa-4728-939c-b7810f3cfb4d,VH-4329,0.003943889984887776,WAIT,Below threshold
54624a4b-5a84-4261-adbb-6bee9d9deb58,VH-8872,0.0048564287808670155,WAIT,Below threshold
b9e2ff79-400a-43ea-b2d9-e93cb551397c,VH-3777,0.006030029010266218,WAIT,Below threshold
955f792f-207a-4167-ad31-bab65eedb2f0,VH-9519,0.0029368550377929965,WAIT,Below threshold
57d273fb-1c01-4e25-ac9c-66049ec6bd3c,VH-7997,0.00285535964507447,WAIT,Below threshold
565b206e-9625-44de-88cd-1f319599817e,VH-9806,0.9970209541469036,FIX,Expected cost: 4985.10 > fix cost: 1000
59a2f4de-a738-480d-b7bd-b5bc905748a2,VH-8089,0.994260789434834,FIX,Expected cost: 4971.30 > fix cost: 1000
03bededc-7a95-4d9a-a0d7-1d26f42c241c,VH-4909,0.007505397985701024,WAIT,Below threshold
5517f2c4-c2b2-4bf3-9bb5-9803d0562de0,VH-1286,0.0049118203427656265,WAIT,Below threshold
07678524-cb55-44f7-93a7-e8711cc69523,VH-1821,0.004115740861951069,WAIT,Below threshold
1e6b2bb9-ce53-40c6-916a-e90c026e12a5,VH-4638,0.008850546504804227,WAIT,Below threshold
93c4928f-5458-47d8-94b8-8c1644afc64c,VH-9385,0.9831203082271632,FIX,Expected cost: 4915.60 > fix cost: 1000
3df59334-7cc4-433b-a756-bfa2a48e6d1d,VH-9925,0.006027392773527516,WAIT,Below threshold
01438a49-444d-4f32-a29a-579944c933ae,VH-7235,0.004341736946820911,WAIT,Below threshold
624ef292-dbcf-4d2b-b563-c67a29576b26,VH-4289,0.0034892980283607166,WAIT,Below threshold
f32cc510-a571-4bf0-af79-7b443919aa1a,VH-9615,0.995557849420651,FIX,Expected cost: 4977.79 > fix cost: 1000
b1cca049-9e40-4df8-b4b7-e843088cdbb6,VH-5173,0.9852458653905177,FIX,Expected cost: 4926.23 > fix cost: 1000
e825b505-68a3-446e-880d-ae80d33ca07b,VH-3364,0.9795968568300684,FIX,Expected cost: 4897.98 > fix cost: 1000
515d6c56-b652-4b76-a9ce-f0fe40064bef,VH-3760,0.011390749448730208,WAIT,Below threshold
eef7fb33-1239-43a3-be3f-9812f1c513af,VH-4613,0.004894925281928651,WAIT,Below threshold
e7779054-14ca-4883-8afc-08d34dc35a9b,VH-3315,0.0049199473419077365,WAIT,Below threshold
36936baf-cf07-47d8-8794-8ec0be129030,VH-8832,0.9918644656690488,FIX,Expected cost: 4959.32 > fix cost: 1000
041079ce-77e1-4766-85c1-cac47e4e0b6e,VH-2163,0.018577192811754913,WAIT,Below threshold
045dcb3b-682b-4839-a865-75b821f2b260,VH-9089,0.0025394256024292125,WAIT,Below threshold
285930af-c0dd-4be4-8efd-045d331b13bd,VH-4776,0.006059820355341748,WAIT,Below threshold
9cf2b2c8-3d2e-49bf-8857-e5ae0488ae37,VH-7166,0.01443709989400455,WAIT,Below threshold
4187d8d3-01b6-46e7-8f67-d5c90b7dcaf8,VH-8154,0.003119960003867449,WAIT,Below threshold
504ea551-821d-4087-bc53-6d85f85f607c,VH-2656,0.004212750147236691,WAIT,Below threshold
13ca8abf-d484-49f7-b234-8f7eca788b28,VH-4220,0.0028634909970095806,WAIT,Below threshold
422dd301-725c-43a3-87dd-bc856b23a842,VH-6205,0.002036855990860394,WAIT,Below threshold
4c24151f-2022-4382-9e66-5f036c1b5d85,VH-6763,0.014358073907563463,WAIT,Below threshold
940d68bd-9cd9-4e70-8038-cdd8bc774b85,VH-6515,0.9904198567534007,FIX,Expected cost: 4952.10 > fix cost: 1000
fba7348d-059e-4c25-8e96-afe6be6dac07,VH-3987,0.001307143936242632,WAIT,Below threshold
341d9fc6-8c83-45a8-b859-51e4c4909bc3,VH-2863,0.005369500070201616,WAIT,Below threshold
dac41d44-4cfa-4f80-9c2f-46b15fd6527e,VH-1254,0.9328080891505787,FIX,Expected cost: 4664.04 > fix cost: 1000
bcdd9955-a3f2-4fde-9645-9ca00b6adcdd,VH-8565,0.9959106058102741,FIX,Expected cost: 4979.55 > fix cost: 1000
16a14cf7-0fa6-429c-90ce-c8c087a0fd2f,VH-1260,0.9985299295514857,FIX,Expected cost: 4992.65 > fix cost: 1000
ec09a247-ec8e-4bc9-a8a3-ce40351f79e2,VH-9223,0.9983381906082919,FIX,Expected cost: 4991.69 > fix cost: 1000
f6bbf451-7b60-466a-9a57-9f77c3a85df7,VH-8370,0.9981734544108974,FIX,Expected cost: 4990.87 > fix cost: 1000
53d10cb9-e613-4def-a9c5-ba5638f482c9,VH-3381,0.48187144261032727,FIX,Expected cost: 2409.36 > fix cost: 1000
9ea6466d-567d-498a-8020-d2264dd44691,VH-1999,0.9927993430189785,FIX,Expected cost: 4964.00 > fix cost: 1000
6a24afbb-bedb-4914-a1c5-73468fc2a10f,VH-8905,0.005206010461350441,WAIT,Below threshold
2f7d9110-7570-4efe-a923-d2bfc0b004b7,VH-9281,0.00845864118882553,WAIT,Below threshold
4d73b680-a3b9-4a99-bd4c-8c871e44be95,VH-7936,0.004118754198696616,WAIT,Below threshold
ed056e8c-3ee4-4e7a-8d84-cce0558bd447,VH-4276,0.9912615203659609,FIX,Expected cost: 4956.31 > fix cost: 1000
646582b7-9fa0-4798-8324-a78197e30a86,VH-2635,0.9965729842127901,FIX,Expected cost: 4982.86 > fix cost: 1000
288d06db-f321-405b-aaac-b10a70a6a036,VH-4257,0.008483550376829678,WAIT,Below threshold
c03a630f-b672-4c0a-b3f2-e458a91f5c71,VH-6406,0.006250983512913647,WAIT,Below threshold
9ba314fb-5ad4-4ae3-a91b-036fe1a352dd,VH-8855,0.0026939224493288836,WAIT,Below threshold
7f907666-7087-4413-94c7-218fcbff0955,VH-5753,0.004939878590830895,WAIT,Below threshold
02defe98-d992-47c7-83a9-c05b24b2cd43,VH-5814,0.993993097322572,FIX,Expected cost: 4969.97 > fix cost: 1000
61201d09-ebf3-43ff-a069-4c15551d3f41,VH-2213,0.9936582459601851,FIX,Expected cost: 4968.29 > fix cost: 1000
9527c06a-2840-4cea-94cb-08e6f1748fa2,VH-9603,0.9817086200950347,FIX,Expected cost: 4908.54 > fix cost: 1000
89805081-a3d5-43d2-9037-89486591361e,VH-2179,0.9954202907629964,FIX,Expected cost: 4977.10 > fix cost: 1000
8127f3df-02ca-491c-9380-e9a91f81f87f,VH-9034,0.9968138306654032,FIX,Expected cost: 4984.07 > fix cost: 1000
192382f4-3b87-4a26-b7b4-b0e5a3badd0b,VH-2222,0.0013886459602517045,WAIT,Below threshold
78705a99-9f33-4fb8-b91d-7c23837f855e,VH-2879,0.0030239287069174464,WAIT,Below threshold
37291849-dd55-4559-93a8-875e40183b0f,VH-6808,0.002161624708714577,WAIT,Below threshold
e3c889b9-bab6-41a3-bb89-d614eff2d4d1,VH-7384,0.003700874199461838,WAIT,Below threshold
60182d07-1679-43eb-bbe6-18bf86567cba,VH-5753,0.0023610536909155016,WAIT,Below threshold
a7b64650-8b87-45d6-aac2-ba83bd16c4bf,VH-3264,0.005616228394100968,WAIT,Below threshold
2048059e-7881-4321-aa5d-ec287b474c62,VH-7375,0.9983299440537319,FIX,Expected cost: 4991.65 > fix cost: 1000
98118ccf-7a48-4393-953e-c3bee20f0dba,VH-5702,0.003132735492759489,WAIT,Below threshold
3334843b-b5ab-4a12-b777-660b25030500,VH-5096,0.9970309143678452,FIX,Expected cost: 4985.15 > fix cost: 1000
c5917b26-79ec-43f0-9248-8c97769efb61,VH-4917,0.9983022766724305,FIX,Expected cost: 4991.51 > fix cost: 1000
0b9ca9db-5fa2-4734-8fea-d9eb2e5fd60e,VH-8321,0.9913943792304041,FIX,Expected cost: 4956.97 > fix cost: 1000
43d6a41f-2b84-4091-8ad9-4e1f7b00ce0a,VH-5382,0.004943314347733975,WAIT,Below threshold
6ad6c4c2-7876-4e9b-9ff3-25f54cc9f1f2,VH-4366,0.9920953283621686,FIX,Expected cost: 4960.48 > fix cost: 1000
f59b0797-9744-4e92-8e03-ba7b00fc34d6,VH-6227,0.004821833421006119,WAIT,Below threshold
678e876c-c2e4-4da2-92cc-6cc735e445a9,VH-6512,0.006430521425879034,WAIT,Below threshold
fe758ab2-f395-41d0-8287-a5bcb86f7cd7,VH-2401,0.001984535021820138,WAIT,Below threshold
10666858-285b-4e8d-a471-49bb42259c24,VH-5452,0.9999743152101674,FIX,Expected cost: 4999.87 > fix cost: 1000
da598318-3044-4b90-8b23-62a7f4fd9ca2,VH-5676,0.0007272570263769981,WAIT,Below threshold
4722d551-9f4a-4238-b527-0cf7d4cf1a30,VH-6482,0.004875350429546048,WAIT,Below threshold
016e57dd-bd58-4f31-b86a-b55f357cad42,VH-2505,0.9894819451513687,FIX,Expected cost: 4947.41 > fix cost: 1000
886790d9-822c-4706-b557-c902288a956b,VH-4932,0.0012427308844437177,WAIT,Below threshold
298cf3eb-558b-41eb-a9c0-4c23c3f1a06a,VH-8361,0.007114368672865565,WAIT,Below threshold
0093ab98-f6e0-4786-8308-35a1fde44771,VH-7021,0.9974605733297588,FIX,Expected cost: 4987.30 > fix cost: 1000
ff91f810-252b-43c4-8ad3-5b83b77da8ba,VH-6932,0.9945712987178448,FIX,Expected cost: 4972.86 > fix cost: 1000
3c66252d-2e12-40d4-8770-c70a7656745c,VH-7092,0.0030880253872758866,WAIT,Below threshold
f0206f70-fe2f-4ce8-90f8-8fc7665ccd9f,VH-6570,0.003339120782306293,WAIT,Below threshold
e4511536-85d9-40a8-9a27-fc1b6e56246e,VH-8348,0.009551305937168715,WAIT,Below threshold
29f5c033-1a3c-4dd5-b8b5-de02cd634b2c,VH-9893,0.004906106120567241,WAIT,Below threshold
7648b1ec-ad38-43ec-87b3-886502592c4a,VH-9117,0.998112424403237,FIX,Expected cost: 4990.56 > fix cost: 1000
b7ce4f66-d7da-4392-b05c-9fdf67b9cd82,VH-9660,0.002787821808387889,WAIT,Below threshold
c25b5289-4a01-40a0-b07e-d94943ed4ecf,VH-2716,0.004162311926569614,WAIT,Below threshold
bba5fd87-8087-4fa6-8a62-984cd1a7dd00,VH-8718,0.007885452152315791,WAIT,Below threshold
1d6f1727-6dbb-4057-9b90-0738bd73fb6d,VH-5946,0.9921813560910269,FIX,Expected cost: 4960.91 > fix cost: 1000
6013d012-15a3-47e1-9180-08cdb4e59e4f,VH-2343,0.020014333580840035,WAIT,Below threshold
1249cdf8-1afe-4411-bda2-a954f013fa80,VH-2841,0.002189465922958942,WAIT,Below threshold
5bdf453d-d147-47ef-a62b-87f8258467ef,VH-5561,0.0014132348257925376,WAIT,Below threshold
84d510b2-f8b4-4c55-8166-7bb55b54259c,VH-9271,0.005072644208951356,WAIT,Below threshold
b610e3d5-b856-410b-b355-9366db2bd33b,VH-8896,0.007884926229977699,WAIT,Below threshold
aa4624e2-be3e-406e-b669-bc3063146a5f,VH-1230,0.9950017220826497,FIX,Expected cost: 4975.01 > fix cost: 1000
7792863a-395f-40e4-a0b0-d3ca9935b0f0,VH-4353,0.001393700815986157,WAIT,Below threshold
4d47f06e-723d-4d52-9f00-dbab1fc5db0f,VH-1681,0.9780301880704598,FIX,Expected cost: 4890.15 > fix cost: 1000
6fa5cb09-c33f-405c-a89e-57091336a82a,VH-9636,0.9932260911233476,FIX,Expected cost: 4966.13 > fix cost: 1000
32a923f5-823b-4a06-af2c-291ec02ab624,VH-9903,0.010325996722834,WAIT,Below threshold
528f2c20-6c6c-4ec3-a2a9-7c325106208c,VH-9120,0.9815455462086035,FIX,Expected cost: 4907.73 > fix cost: 1000
46c572d8-d5f0-48e6-b740-22780e33c826,VH-2852,0.9893384564325937,FIX,Expected cost: 4946.69 > fix cost: 1000
3182e073-426b-4009-8b42-981dd7f8aaa3,VH-8709,0.9941035737567464,FIX,Expected cost: 4970.52 > fix cost: 1000
1395d8ab-81c7-48c0-b9d1-f16eca6cac57,VH-2979,0.005033327145723951,WAIT,Below threshold
dd1c9e6c-092b-4f9e-bd38-6e1e705284c4,VH-8881,0.041385577448194086,WAIT,Below threshold
38091eeb-49ea-47b0-ab64-a9207568a00e,VH-8747,0.9938492889887128,FIX,Expected cost: 4969.25 > fix cost: 1000
38442a0b-2a06-4634-b3cd-9fcb8127834d,VH-2300,0.0033077475770866924,WAIT,Below threshold
6ac9f0e9-f3e0-49a9-90a4-4c60b8a31bd6,VH-4941,0.9968915113396154,FIX,Expected cost: 4984.46 > fix cost: 1000
3b2a5145-c909-41f1-b704-4e1a1352f3e4,VH-1054,0.9974092621281756,FIX,Expected cost: 4987.05 > fix cost: 1000
1919a4d0-b31d-40ff-8751-3798416447ce,VH-7333,0.0069413691228058395,WAIT,Below threshold
b64a4816-33b5-450e-9201-28fae827607a,VH-8401,0.0048685002517066325,WAIT,Below threshold
221a95c9-50ee-4b7e-bf85-eda272e29afc,VH-5185,0.005132814613382097,WAIT,Below threshold
dffd3fe5-0a52-4504-8fbb-c54faf2e697c,VH-7831,0.08285641316411994,WAIT,Below threshold
12fe0e20-a9a0-485e-9618-84d3cd498bbd,VH-2124,0.9981015009491636,FIX,Expected cost: 4990.51 > fix cost: 1000
3d2f7026-b6eb-4dd5-87fb-96e426d0ec3a,VH-1847,0.976616299353494,FIX,Expected cost: 4883.08 > fix cost: 1000
68c03594-589a-4c94-9f5e-eab99a3623ca,VH-5018,0.0073826461928669295,WAIT,Below threshold
fab471c1-48cd-4eee-a0ba-1cc563890729,VH-2757,0.995504892442793,FIX,Expected cost: 4977.52 > fix cost: 1000
3df1c7d2-6c54-41e8-bd77-a03b3e85b20a,VH-7848,0.005911977188319303,WAIT,Below threshold
d7d55bd1-fd27-44cc-bc35-3d5a191aff72,VH-8397,0.005910973077058421,WAIT,Below threshold
2dc827b3-86dc-4323-b5b1-d9bb55b91c1e,VH-5051,0.9856054717476825,FIX,Expected cost: 4928.03 > fix cost: 1000
f5afd496-734a-4a67-9671-bb5fa843bcd9,VH-1300,0.003747731615649195,WAIT,Below threshold
494877df-3370-485f-b106-71bbafc79942,VH-3055,0.0054044689639683955,WAIT,Below threshold
9f57e9a5-52e3-44b0-8ed6-633c697fbd17,VH-2501,0.0033135030027654413,WAIT,Below threshold
ebbc2a1a-0799-4eb9-9da8-d298f5c26915,VH-7822,0.9902479882311159,FIX,Expected cost: 4951.24 > fix cost: 1000
abbcf7c1-23b4-4146-9b3a-b7b06add2f75,VH-3337,0.002601740343796124,WAIT,Below threshold
846b3e18-81e7-4843-95d2-6d7485f9f1d8,VH-8853,0.0014104984460217341,WAIT,Below threshold
d3c6307d-ef8b-4877-acf7-58b6ffa28620,VH-4482,0.002191966160909461,WAIT,Below threshold
ff188fca-d28a-4373-b3e0-0c7aabbd14b8,VH-9483,0.9934115293015855,FIX,Expected cost: 4967.06 > fix cost: 1000
d9e6e27e-36b8-4452-a4af-be146fafe616,VH-9033,0.008327906101161422,WAIT,Below threshold
4f8a9a0c-734f-44a9-ba8e-8914639efdee,VH-7939,0.9919356148875024,FIX,Expected cost: 4959.68 > fix cost: 1000
5b411ae0-1b5d-49b2-b85a-ca7bd44ec2c0,VH-4541,0.017970551820691287,WAIT,Below threshold
50cc440e-4404-415c-9b3d-2a281244ae13,VH-3494,0.9969540045879223,FIX,Expected cost: 4984.77 > fix cost: 1000
c9a2122c-3dd4-4bc8-8b8a-e78edfe923e7,VH-9664,0.007459657653791897,WAIT,Below threshold
a141f43e-6315-436f-98d8-fda635543eef,VH-3879,0.002782689737081288,WAIT,Below threshold
3921da3d-ee14-4a64-b6e6-006a1af6d4d8,VH-8364,0.9976067875247683,FIX,Expected cost: 4988.03 > fix cost: 1000
1bff4652-cb8e-4a6b-9dc8-73bb45434e27,VH-4512,0.0039869002636520575,WAIT,Below threshold
434ca2b1-7a8c-4904-a10a-cdd61c6609b8,VH-3411,0.0039978081957803375,WAIT,Below threshold
b10186b8-421f-4693-85ff-64dd8e021637,VH-1810,0.002354017693458119,WAIT,Below threshold
4ab08a20-2d79-40e0-9b7b-6b4970050f8c,VH-6124,0.003101950548344415,WAIT,Below threshold
24cd41fc-4ebd-4670-bcd3-4a6ba7e2bc1a,VH-5694,0.005361738149580967,WAIT,Below threshold
e6ce0722-938f-4e95-a4e0-e7a4bb6cd40c,VH-1827,0.002301208321431306,WAIT,Below threshold
b3e16b03-2c9d-47f7-a814-40465e34edf0,VH-7816,0.005920652282088672,WAIT,Below threshold
3efacc94-ccd6-4bbd-9728-e3c915eebefd,VH-7312,0.001936724229241332,WAIT,Below threshold
e3092dc2-9489-4846-a3dc-17b6180e4478,VH-4170,0.0036584846199027585,WAIT,Below threshold
125e0024-106d-4b13-a98d-6460a745756c,VH-6353,0.0037680187272751717,WAIT,Below threshold
882a9658-aefb-4bea-a34c-8ca076881bee,VH-5217,0.01663883739347854,WAIT,Below threshold
02360572-9040-43a3-b9f9-774cbd20fbe1,VH-4316,0.9981194612442845,FIX,Expected cost: 4990.60 > fix cost: 1000
763d5a9b-ee63-4c8a-8598-ef16d7a46ce4,VH-2275,0.0021061163478450634,WAIT,Below threshold
3c6cd2d3-3a88-4460-9dee-0d6bb9cb6fe8,VH-7789,0.9776995962359393,FIX,Expected cost: 4888.50 > fix cost: 1000
c7c5dccc-c3ba-4c82-a375-6e096897d23d,VH-4072,0.993980785400771,FIX,Expected cost: 4969.90 > fix cost: 1000
9cac88d3-1422-4e89-9a11-3412c4295958,VH-1981,0.9931961483212944,FIX,Expected cost: 4965.98 > fix cost: 1000
f90025e1-ed6b-4799-aac9-98bf0443791b,VH-6852,0.9925873648270345,FIX,Expected cost: 4962.94 > fix cost: 1000
81c13d0a-afd6-4dc5-bc31-bb9e30885004,VH-7994,0.002801914969510624,WAIT,Below threshold
2af50f9b-8f1b-45a5-b891-656362bf0ccb,VH-9637,0.9939589770912864,FIX,Expected cost: 4969.79 > fix cost: 1000
5c4cb4d0-8052-4d97-bc3c-4c107a119dee,VH-4866,0.0032880130323797154,WAIT,Below threshold
4038211c-94aa-4a0d-b18d-fec7d99c1b9f,VH-9620,0.9956810902193763,FIX,Expected cost: 4978.41 > fix cost: 1000
b1f0a0bd-1bd1-491c-b359-0987fd5570f7,VH-7174,0.8222559811538834,FIX,Expected cost: 4111.28 > fix cost: 1000
3dee96fc-223c-4b65-9924-39434eda4593,VH-9032,0.5509661705938599,FIX,Expected cost: 2754.83 > fix cost: 1000
b76c78f0-1ddb-4c5b-b29f-5555adc6de7c,VH-4813,0.000944571260384184,WAIT,Below threshold
e82aa475-4013-4311-a552-ccc0ca413982,VH-4807,0.003380838266582498,WAIT,Below threshold
b6bd4cee-7c49-4b38-ab33-54edcde78e05,VH-5698,0.005941311021825733,WAIT,Below threshold
46e3c173-c22a-4d1e-823d-a3f080847f73,VH-2174,0.999987322741596,FIX,Expected cost: 4999.94 > fix cost: 1000
d2b34a81-f5d6-4ce7-b698-8729aec7b115,VH-7734,0.006252977135474941,WAIT,Below threshold
6da1e079-4b94-407b-94b6-f04f902d4761,VH-5529,0.9810773348880367,FIX,Expected cost: 4905.39 > fix cost: 1000
d0a05dcc-e27b-4b42-ace6-373d5b73a86b,VH-4660,0.0016144691792967427,WAIT,Below threshold
ae05dd2d-a728-4a13-b103-3160ae92ae68,VH-6449,0.010494698266696818,WAIT,Below threshold
8374eb78-3ddc-4400-945e-3dc134eca730,VH-7964,0.9788854864280735,FIX,Expected cost: 4894.43 > fix cost: 1000
6aefb6ca-4209-44b2-aa30-cef1f2367e79,VH-1916,0.004570349640822176,WAIT,Below threshold
aaf97c07-fd0b-4579-a74a-63a06ef50d8d,VH-6454,0.002235625933815265,WAIT,Below threshold
d0b3cd31-2788-4391-9424-8e515ad01c5b,VH-5776,0.0165736704072902,WAIT,Below threshold
ef01fcaf-e17d-424b-a8bf-40bac9a2656a,VH-4736,0.9890517552693241,FIX,Expected cost: 4945.26 > fix cost: 1000
a89355cf-c0a2-4529-84f7-945dd8236bf1,VH-4938,0.9962967953545655,FIX,Expected cost: 4981.48 > fix cost: 1000
9c989a9e-df92-49a1-8b38-b972e432d665,VH-3376,0.001908074765358727,WAIT,Below threshold
d71b6857-8d4c-485b-bf3a-6d52a3d41347,VH-8308,0.015895529874678373,WAIT,Below threshold
9720ffb2-4f0b-43c1-9bd5-3cc0cc444f29,VH-8104,0.0010451969609002643,WAIT,Below threshold
3d0d2986-b468-4e40-83c5-2969659f11b2,VH-6808,0.9863681740390093,FIX,Expected cost: 4931.84 > fix cost: 1000
98021ac1-cdd2-44b1-8af9-24858262cc0d,VH-9425,0.9918376093007651,FIX,Expected cost: 4959.19 > fix cost: 1000
35d87d20-65b3-4a95-85da-fa7c3681342b,VH-5330,0.9688098920496406,FIX,Expected cost: 4844.05 > fix cost: 1000
e2dac04f-845c-41ce-9365-6ce8151c5015,VH-9719,0.9966692039763423,FIX,Expected cost: 4983.35 > fix cost: 1000
98b30fb3-8a52-4dfb-9c40-398e00ebd3ce,VH-7059,0.002766350382897379,WAIT,Below threshold
6b73e43f-7fe7-45fc-b6d7-98f8c82447c6,VH-7730,0.992193071195067,FIX,Expected cost: 4960.97 > fix cost: 1000
d5b2e819-b6f5-4823-b6bc-26d14f08e29a,VH-3009,0.9644613356742013,FIX,Expected cost: 4822.31 > fix cost: 1000
e23a3441-131e-45c5-b79a-7b0b96bbc4cb,VH-8454,0.9964699550007481,FIX,Expected cost: 4982.35 > fix cost: 1000
c460e439-43c0-4472-8993-cd39eb43ad52,VH-9210,0.028383811837017013,WAIT,Below threshold
4f1a2bd0-99de-4c34-a31b-ef632be5d9bd,VH-1061,0.1693063657748814,WAIT,Below threshold
3b6e4b1f-272f-4a40-9a39-85aba5b05367,VH-7935,0.0038139529740850264,WAIT,Below threshold
b813cbac-cf39-416e-a5cf-d3a1a61ea389,VH-7645,0.9847694228108709,FIX,Expected cost: 4923.85 > fix cost: 1000
cc9b966d-4194-4584-b0bc-01df48662c9a,VH-4426,0.9870339549671807,FIX,Expected cost: 4935.17 > fix cost: 1000
3568b558-c775-4a47-8ffd-4bd2ef5849c0,VH-5341,0.9759528238494242,FIX,Expected cost: 4879.76 > fix cost: 1000
95047b03-91b3-4d54-9342-55f730c84b3c,VH-4630,0.0015160308597643984,WAIT,Below threshold
d822eb8c-fbf5-420d-bc4c-fc4b05ad5656,VH-1899,0.022718781381076383,WAIT,Below threshold
4af0ec9a-a529-482e-9110-977fcf0fb2c4,VH-6778,0.9756291927410218,FIX,Expected cost: 4878.15 > fix cost: 1000
eadfe01e-685a-4194-a60b-472e8e94c543,VH-1697,0.9968169851169871,FIX,Expected cost: 4984.08 > fix cost: 1000
f6969b70-6048-4b9b-8e7b-f329cab813b1,VH-9459,0.9931640009409285,FIX,Expected cost: 4965.82 > fix cost: 1000
ebfb4082-3a0e-49d1-ba4d-1b162399ed2b,VH-1665,0.003396937703311219,WAIT,Below threshold
b9f0c461-c8f6-4046-aabd-4d927d25df76,VH-7824,0.9977074016219621,FIX,Expected cost: 4988.54 > fix cost: 1000
4f421973-1212-44f0-a156-6af60dd2db21,VH-7709,0.004409764449356059,WAIT,Below threshold
34a9df89-041d-4e69-870e-d745b6eb2c35,VH-3790,0.00175434710678745,WAIT,Below threshold
17a11ae7-4a08-4ec8-aea4-a5ec8f2faa01,VH-9146,0.0017570775165744563,WAIT,Below threshold
50e2cd2f-d9ad-49d1-b55a-669c03cafa98,VH-3591,0.007763347362511519,WAIT,Below threshold
d9c9d05a-c791-4747-bb06-330feaf22718,VH-3929,0.018642983341281873,WAIT,Below threshold
890201e6-7d7e-469c-92e9-6d7451bdf1c3,VH-8651,0.005499859398493461,WAIT,Below threshold
c8ea69e9-bca3-4e5f-b67d-0f64b427a468,VH-2745,0.006775786196703625,WAIT,Below threshold
25303544-3199-4206-a8d9-2f7df4ce2aee,VH-3466,0.018048813473417632,WAIT,Below threshold
71a17403-2902-4155-9751-926e8c74bcf7,VH-8371,0.02235157184040632,WAIT,Below threshold
3055c538-167c-43f2-8709-9908da593ffe,VH-9973,0.0008447281866289649,WAIT,Below threshold
6ff89ffc-ddbe-418e-9058-16d089f194cf,VH-7875,0.010994178989657832,WAIT,Below threshold
5b3f9b35-047a-4acc-a384-98ffc5ce0692,VH-2691,0.002558374097173505,WAIT,Below threshold
42a6f2a9-a04a-4985-b575-fcb45119521a,VH-3965,0.9961172373982672,FIX,Expected cost: 4980.59 > fix cost: 1000
b5ad623c-a5c2-4c77-a047-60a88450d409,VH-7695,0.010608930931766722,WAIT,Below threshold
96f584f5-5d3a-4e39-954d-8a8a0f9a87ab,VH-7337,0.997518736294767,FIX,Expected cost: 4987.59 > fix cost: 1000
45bb1b09-9be1-43c4-a2aa-ce95dd388973,VH-7186,0.9853629246171562,FIX,Expected cost: 4926.81 > fix cost: 1000
940905f7-f28d-4a4a-97b7-2b925e54d91a,VH-8725,0.009610979769587325,WAIT,Below threshold
0bc9c522-b8f7-4125-bfd2-ef21e293cfd8,VH-8313,0.005204696959207944,WAIT,Below threshold
5a5df050-84fc-41a0-a778-b97774fc3df4,VH-6980,0.0004660052471285768,WAIT,Below threshold
6d3162cd-840e-41c4-a8dd-588bf5cbf1ff,VH-7888,0.0018198196068002252,WAIT,Below threshold
2a072c89-153d-452a-b26c-f886a50eeaab,VH-3830,0.9866187062123045,FIX,Expected cost: 4933.09 > fix cost: 1000
bb36d0d9-ee47-4498-a8dd-a3e30c555a62,VH-9878,0.9991334228238459,FIX,Expected cost: 4995.67 > fix cost: 1000
51950331-04dd-49d4-b8dc-9822180c7557,VH-3472,0.004895681833037587,WAIT,Below threshold
b86f0cfa-1a3b-4a63-ac6a-0997631af2ec,VH-9771,0.011432205391241632,WAIT,Below threshold
c4ac8b5b-7925-426c-bca1-5665f2d90f7e,VH-3689,0.009220590341664503,WAIT,Below threshold
7ded2e4e-fd5b-4336-848e-600d5c3b0d5e,VH-2961,0.9924848378281814,FIX,Expected cost: 4962.42 > fix cost: 1000
f5789407-a349-432b-a4d5-1ad2e4c21d8f,VH-3550,0.9895393190203231,FIX,Expected cost: 4947.70 > fix cost: 1000
3f264581-355e-4757-8122-5f38d13e5acd,VH-3633,0.9899289987841535,FIX,Expected cost: 4949.64 > fix cost: 1000
1fbc257b-40fe-4df7-b6dc-f46db4d98d92,VH-1808,0.9957818817765294,FIX,Expected cost: 4978.91 > fix cost: 1000
cf553804-13f8-4b8e-98b8-1035f696d005,VH-6986,0.004979469283672438,WAIT,Below threshold
d253f1ea-724e-4bfb-93e3-321f6493a4d9,VH-5014,0.012767253931666929,WAIT,Below threshold
3cce1d1d-6027-4a15-97c2-d039c9b37558,VH-6454,0.9849887065705082,FIX,Expected cost: 4924.94 > fix cost: 1000
94823d5a-cfcc-424e-878d-b572cc5e0ac9,VH-7146,0.004559319853029615,WAIT,Below threshold
7280cf1a-8f15-4f31-a5d5-05247f7da74d,VH-7019,0.9881892428292303,FIX,Expected cost: 4940.95 > fix cost: 1000
e4e26b37-d6c0-4533-bd5c-51323fba79c5,VH-7878,0.9982063801378023,FIX,Expected cost: 4991.03 > fix cost: 1000
8f3d5214-adee-414f-a347-adbce2f6b224,VH-1894,0.9958538948775165,FIX,Expected cost: 4979.27 > fix cost: 1000
736ac43b-04bb-4a7a-adea-2c11c1392821,VH-2923,0.005967964388830394,WAIT,Below threshold
caec0975-c5a0-48ab-a7de-6139ee2f9b33,VH-7217,0.9977193158429223,FIX,Expected cost: 4988.60 > fix cost: 1000
89cdf888-e902-4a3b-bce4-78b365369347,VH-9848,0.9987050814898879,FIX,Expected cost: 4993.53 > fix cost: 1000
6313c9d4-6084-4ec6-b50d-a550cfb9dbc5,VH-6023,0.9912925790002838,FIX,Expected cost: 4956.46 > fix cost: 1000
95f64e26-b874-4261-a448-53b73ee86be8,VH-6546,0.977369983222404,FIX,Expected cost: 4886.85 > fix cost: 1000
050e379d-dff0-4e06-8f82-6a249d8d1d98,VH-7874,0.0026459489647748364,WAIT,Below threshold
31a12ee8-5c76-4889-b3d3-d0f56c3102c0,VH-9404,0.9972027940830531,FIX,Expected cost: 4986.01 > fix cost: 1000
2880c789-15fa-4696-b3e6-c784621b85a9,VH-1934,0.9953630505032844,FIX,Expected cost: 4976.82 > fix cost: 1000
c0ea3d3e-4c32-4630-a22f-14e59fa69428,VH-8093,0.9909776031461638,FIX,Expected cost: 4954.89 > fix cost: 1000
6a97c53c-cec4-4348-b5b3-8a536b9a49ed,VH-7230,0.0014112276585048144,WAIT,Below threshold
bf91f3f5-1cd4-4f14-9fc9-05cbdd1753ac,VH-3794,0.9905772337409524,FIX,Expected cost: 4952.89 > fix cost: 1000
21dfab36-9209-4aeb-a1de-ce3b664038f5,VH-6125,0.995903454017086,FIX,Expected cost: 4979.52 > fix cost: 1000
4d1a0304-43fc-48a1-9520-ab1f6ae148c0,VH-7188,0.0027722535672938336,WAIT,Below threshold
